,u_index,tag_id,weight
0,0.0,3.0,4.0
1,0.0,21.0,5.0
2,0.0,10.0,1.0
3,1.0,3.0,5.0
4,1.0,10.0,2.0
5,1.0,21.0,4.0
6,1.0,25.0,2.0
7,1.0,16.0,2.0
8,1.0,2.0,1.0
9,1.0,5.0,1.0
10,2.0,3.0,6.0
11,2.0,10.0,4.0
12,2.0,21.0,4.0
13,2.0,5.0,5.0
14,2.0,11.0,6.0
15,2.0,2.0,2.0
16,2.0,0.0,1.0
17,2.0,9.0,1.0
18,3.0,23.0,3.0
19,3.0,10.0,3.0
20,3.0,25.0,1.0
21,3.0,8.0,1.0
22,3.0,21.0,2.0
23,3.0,3.0,1.0
24,3.0,24.0,1.0
25,4.0,4.0,3.0
26,4.0,11.0,3.0
27,4.0,2.0,6.0
28,4.0,14.0,1.0
29,4.0,16.0,1.0
30,4.0,25.0,2.0
31,4.0,5.0,3.0
32,4.0,3.0,5.0
33,4.0,12.0,2.0
34,4.0,10.0,3.0
35,4.0,0.0,1.0
36,5.0,10.0,2.0
37,5.0,11.0,6.0
38,5.0,19.0,3.0
39,5.0,4.0,3.0
40,5.0,25.0,3.0
41,5.0,21.0,1.0
42,6.0,3.0,5.0
43,6.0,4.0,11.0
44,6.0,22.0,3.0
45,6.0,2.0,6.0
46,6.0,14.0,2.0
47,6.0,16.0,1.0
48,6.0,25.0,5.0
49,7.0,5.0,3.0
50,7.0,4.0,1.0
51,7.0,22.0,2.0
52,7.0,3.0,8.0
53,7.0,14.0,1.0
54,7.0,0.0,1.0
55,7.0,11.0,3.0
56,7.0,2.0,1.0
57,7.0,21.0,4.0
58,7.0,10.0,2.0
59,8.0,10.0,2.0
60,8.0,4.0,2.0
61,9.0,3.0,3.0
62,9.0,0.0,3.0
63,9.0,17.0,2.0
64,9.0,10.0,1.0
65,10.0,3.0,5.0
66,10.0,10.0,3.0
67,10.0,22.0,3.0
68,10.0,4.0,5.0
69,10.0,14.0,2.0
70,10.0,21.0,1.0
71,10.0,11.0,1.0
72,10.0,8.0,1.0
73,11.0,3.0,11.0
74,11.0,10.0,2.0
75,11.0,0.0,3.0
76,11.0,25.0,2.0
77,11.0,14.0,3.0
78,11.0,16.0,3.0
79,11.0,9.0,2.0
80,11.0,30.0,1.0
81,11.0,4.0,1.0
82,11.0,2.0,1.0
83,12.0,3.0,4.0
84,12.0,10.0,2.0
85,12.0,21.0,2.0
86,12.0,14.0,1.0
87,12.0,22.0,2.0
88,12.0,26.0,3.0
89,12.0,8.0,1.0
90,12.0,16.0,1.0
91,13.0,13.0,1.0
92,13.0,3.0,6.0
93,13.0,0.0,2.0
94,13.0,20.0,1.0
95,13.0,16.0,4.0
96,13.0,22.0,3.0
97,13.0,14.0,3.0
98,13.0,2.0,2.0
99,13.0,25.0,2.0
100,13.0,4.0,2.0
101,14.0,10.0,5.0
102,14.0,4.0,6.0
103,14.0,22.0,7.0
104,14.0,3.0,5.0
105,14.0,25.0,3.0
106,14.0,14.0,3.0
107,14.0,16.0,1.0
108,14.0,20.0,1.0
109,15.0,3.0,6.0
110,15.0,21.0,3.0
111,15.0,5.0,1.0
112,15.0,26.0,1.0
113,15.0,10.0,2.0
114,15.0,4.0,2.0
115,15.0,16.0,2.0
116,15.0,2.0,2.0
117,16.0,3.0,9.0
118,16.0,21.0,4.0
119,16.0,30.0,2.0
120,16.0,10.0,4.0
121,16.0,4.0,2.0
122,16.0,22.0,5.0
123,16.0,0.0,2.0
124,16.0,12.0,2.0
125,17.0,25.0,3.0
126,17.0,14.0,1.0
127,17.0,16.0,1.0
128,17.0,10.0,3.0
129,17.0,4.0,4.0
130,17.0,22.0,2.0
131,17.0,3.0,1.0
132,17.0,0.0,1.0
133,17.0,2.0,3.0
134,17.0,5.0,3.0
135,17.0,11.0,2.0
136,18.0,3.0,10.0
137,18.0,14.0,2.0
138,18.0,22.0,1.0
139,18.0,25.0,1.0
140,18.0,16.0,1.0
141,18.0,9.0,4.0
142,18.0,10.0,1.0
143,18.0,0.0,3.0
144,18.0,7.0,2.0
145,19.0,3.0,9.0
146,19.0,16.0,2.0
147,19.0,14.0,1.0
148,19.0,22.0,3.0
149,19.0,26.0,2.0
150,19.0,10.0,7.0
151,19.0,4.0,2.0
152,19.0,0.0,6.0
153,19.0,18.0,1.0
154,20.0,5.0,4.0
155,20.0,11.0,3.0
156,20.0,3.0,4.0
157,20.0,14.0,1.0
158,20.0,16.0,3.0
159,20.0,19.0,1.0
160,20.0,8.0,1.0
161,20.0,10.0,1.0
162,20.0,2.0,1.0
163,20.0,13.0,1.0
164,20.0,21.0,1.0
165,20.0,18.0,1.0
166,20.0,25.0,1.0
167,21.0,3.0,8.0
168,21.0,14.0,1.0
169,21.0,22.0,1.0
170,21.0,10.0,3.0
171,21.0,9.0,2.0
172,21.0,0.0,2.0
173,21.0,23.0,1.0
174,21.0,18.0,2.0
175,21.0,17.0,2.0
176,22.0,16.0,7.0
177,22.0,13.0,6.0
178,22.0,4.0,3.0
179,22.0,11.0,3.0
180,22.0,14.0,6.0
181,22.0,22.0,1.0
182,22.0,25.0,2.0
183,22.0,3.0,1.0
184,23.0,3.0,3.0
185,23.0,4.0,9.0
186,23.0,25.0,3.0
187,23.0,10.0,10.0
188,23.0,11.0,6.0
189,23.0,22.0,2.0
190,23.0,5.0,2.0
191,23.0,16.0,2.0
192,23.0,2.0,2.0
193,24.0,3.0,6.0
194,24.0,9.0,2.0
195,24.0,16.0,2.0
196,24.0,11.0,4.0
197,24.0,4.0,2.0
198,24.0,2.0,2.0
199,24.0,6.0,1.0
200,24.0,10.0,5.0
201,24.0,25.0,3.0
202,24.0,0.0,1.0
203,24.0,20.0,1.0
204,25.0,23.0,1.0
205,25.0,3.0,5.0
206,25.0,21.0,1.0
207,25.0,11.0,6.0
208,25.0,10.0,1.0
209,25.0,26.0,1.0
210,25.0,2.0,5.0
211,26.0,25.0,5.0
212,26.0,20.0,1.0
213,26.0,4.0,6.0
214,26.0,2.0,3.0
215,26.0,16.0,1.0
216,26.0,10.0,1.0
217,26.0,21.0,1.0
218,26.0,11.0,1.0
219,26.0,3.0,1.0
220,26.0,22.0,1.0
221,27.0,3.0,7.0
222,27.0,10.0,2.0
223,27.0,9.0,1.0
224,27.0,15.0,1.0
225,27.0,14.0,1.0
226,27.0,22.0,1.0
227,27.0,13.0,1.0
228,27.0,11.0,1.0
229,27.0,0.0,2.0
230,27.0,21.0,1.0
231,27.0,2.0,1.0
232,28.0,3.0,5.0
233,28.0,21.0,4.0
234,28.0,8.0,3.0
235,28.0,11.0,1.0
236,28.0,14.0,1.0
237,28.0,2.0,1.0
238,28.0,23.0,2.0
239,28.0,19.0,1.0
240,29.0,14.0,8.0
241,29.0,16.0,4.0
242,29.0,25.0,8.0
243,29.0,22.0,5.0
244,29.0,3.0,5.0
245,29.0,7.0,1.0
246,29.0,0.0,2.0
247,29.0,20.0,1.0
248,29.0,4.0,3.0
249,29.0,11.0,3.0
250,30.0,25.0,2.0
251,30.0,14.0,1.0
252,30.0,16.0,1.0
253,30.0,3.0,7.0
254,30.0,12.0,4.0
255,30.0,4.0,5.0
256,30.0,22.0,2.0
257,30.0,2.0,1.0
258,30.0,17.0,1.0
259,30.0,0.0,1.0
260,30.0,21.0,2.0
261,30.0,5.0,2.0
262,30.0,11.0,2.0
263,31.0,3.0,7.0
264,31.0,10.0,5.0
265,31.0,9.0,2.0
266,31.0,5.0,3.0
267,31.0,11.0,1.0
268,31.0,22.0,1.0
269,31.0,21.0,1.0
270,31.0,4.0,3.0
271,31.0,2.0,2.0
272,32.0,3.0,4.0
273,32.0,30.0,1.0
274,32.0,4.0,2.0
275,32.0,20.0,1.0
276,32.0,24.0,1.0
277,32.0,22.0,2.0
278,32.0,28.0,1.0
279,32.0,25.0,1.0
280,32.0,13.0,1.0
281,32.0,16.0,1.0
282,33.0,25.0,1.0
283,33.0,14.0,1.0
284,33.0,16.0,5.0
285,33.0,3.0,8.0
286,33.0,21.0,2.0
287,33.0,22.0,5.0
288,33.0,4.0,3.0
289,33.0,26.0,1.0
290,33.0,11.0,1.0
291,34.0,3.0,4.0
292,34.0,16.0,2.0
293,34.0,22.0,1.0
294,34.0,11.0,1.0
295,34.0,2.0,1.0
296,34.0,13.0,1.0
297,35.0,3.0,2.0
298,35.0,10.0,2.0
299,36.0,3.0,7.0
300,36.0,12.0,4.0
301,36.0,22.0,4.0
302,36.0,4.0,4.0
303,36.0,11.0,3.0
304,36.0,2.0,1.0
305,36.0,16.0,3.0
306,36.0,13.0,2.0
307,36.0,21.0,2.0
308,36.0,30.0,2.0
309,36.0,10.0,3.0
310,36.0,0.0,1.0
311,36.0,5.0,2.0
312,37.0,3.0,2.0
313,37.0,14.0,2.0
314,37.0,22.0,2.0
315,37.0,21.0,1.0
316,37.0,11.0,1.0
317,38.0,3.0,4.0
318,38.0,4.0,2.0
319,38.0,25.0,2.0
320,38.0,16.0,2.0
321,38.0,10.0,2.0
322,39.0,3.0,4.0
323,39.0,4.0,2.0
324,39.0,16.0,2.0
325,39.0,10.0,2.0
326,40.0,3.0,6.0
327,40.0,10.0,6.0
328,40.0,21.0,5.0
329,40.0,8.0,3.0
330,40.0,25.0,3.0
331,40.0,20.0,1.0
332,40.0,6.0,1.0
333,40.0,11.0,2.0
334,41.0,3.0,4.0
335,41.0,22.0,2.0
336,41.0,10.0,2.0
337,42.0,3.0,4.0
338,42.0,24.0,1.0
339,42.0,10.0,3.0
340,42.0,4.0,1.0
341,42.0,13.0,1.0
342,42.0,21.0,1.0
343,42.0,14.0,1.0
344,43.0,25.0,6.0
345,43.0,14.0,2.0
346,43.0,16.0,2.0
347,43.0,13.0,8.0
348,43.0,4.0,3.0
349,43.0,10.0,1.0
350,43.0,11.0,2.0
351,43.0,3.0,1.0
352,44.0,3.0,11.0
353,44.0,10.0,8.0
354,44.0,21.0,3.0
355,44.0,4.0,3.0
356,44.0,0.0,1.0
357,45.0,4.0,1.0
358,45.0,11.0,2.0
359,45.0,2.0,2.0
360,45.0,25.0,2.0
361,45.0,20.0,1.0
362,45.0,10.0,1.0
363,45.0,14.0,3.0
364,45.0,16.0,2.0
365,45.0,3.0,3.0
366,45.0,22.0,1.0
367,45.0,23.0,1.0
368,46.0,3.0,4.0
369,46.0,14.0,1.0
370,46.0,22.0,1.0
371,46.0,5.0,1.0
372,46.0,11.0,1.0
373,46.0,2.0,4.0
374,46.0,10.0,5.0
375,46.0,4.0,4.0
376,46.0,25.0,3.0
377,46.0,12.0,1.0
378,46.0,21.0,2.0
379,46.0,0.0,1.0
380,47.0,21.0,7.0
381,47.0,25.0,1.0
382,47.0,20.0,2.0
383,47.0,3.0,6.0
384,47.0,4.0,2.0
385,47.0,10.0,2.0
386,47.0,2.0,2.0
387,47.0,13.0,1.0
388,48.0,10.0,1.0
389,48.0,3.0,7.0
390,48.0,12.0,3.0
391,48.0,2.0,1.0
392,48.0,21.0,1.0
393,48.0,9.0,1.0
394,48.0,0.0,2.0
395,48.0,25.0,1.0
396,48.0,14.0,1.0
397,48.0,16.0,1.0
398,49.0,3.0,6.0
399,49.0,12.0,2.0
400,49.0,22.0,6.0
401,49.0,10.0,2.0
402,49.0,4.0,4.0
403,49.0,21.0,1.0
404,49.0,16.0,2.0
405,50.0,3.0,3.0
406,50.0,14.0,3.0
407,50.0,11.0,2.0
408,50.0,16.0,1.0
409,51.0,3.0,8.0
410,51.0,17.0,1.0
411,51.0,22.0,2.0
412,51.0,14.0,1.0
413,51.0,10.0,2.0
414,51.0,30.0,1.0
415,51.0,21.0,1.0
416,51.0,11.0,1.0
417,51.0,12.0,1.0
418,52.0,4.0,4.0
419,52.0,25.0,4.0
420,52.0,2.0,4.0
421,52.0,5.0,1.0
422,53.0,3.0,5.0
423,53.0,14.0,1.0
424,53.0,10.0,2.0
425,53.0,21.0,3.0
426,53.0,7.0,1.0
427,53.0,4.0,3.0
428,53.0,16.0,1.0
429,53.0,11.0,1.0
430,53.0,25.0,3.0
431,53.0,26.0,1.0
432,53.0,5.0,1.0
433,53.0,20.0,1.0
434,54.0,3.0,5.0
435,54.0,16.0,3.0
436,54.0,22.0,4.0
437,54.0,10.0,2.0
438,54.0,4.0,2.0
439,54.0,0.0,1.0
440,54.0,12.0,1.0
441,54.0,1.0,1.0
442,54.0,25.0,1.0
443,54.0,2.0,1.0
444,54.0,14.0,1.0
445,55.0,3.0,2.0
446,55.0,12.0,1.0
447,55.0,11.0,2.0
448,55.0,14.0,6.0
449,55.0,16.0,5.0
450,55.0,22.0,4.0
451,55.0,25.0,4.0
452,55.0,20.0,1.0
453,55.0,4.0,1.0
454,55.0,2.0,1.0
455,55.0,21.0,2.0
456,56.0,3.0,7.0
457,56.0,4.0,3.0
458,56.0,2.0,1.0
459,56.0,25.0,2.0
460,56.0,14.0,1.0
461,56.0,16.0,1.0
462,56.0,10.0,5.0
463,56.0,0.0,1.0
464,56.0,6.0,1.0
465,56.0,20.0,1.0
466,56.0,11.0,1.0
467,57.0,4.0,2.0
468,57.0,11.0,2.0
469,57.0,2.0,2.0
470,58.0,3.0,9.0
471,58.0,15.0,1.0
472,58.0,4.0,3.0
473,58.0,16.0,1.0
474,58.0,21.0,2.0
475,58.0,10.0,5.0
476,58.0,6.0,1.0
477,59.0,3.0,5.0
478,59.0,21.0,5.0
479,59.0,10.0,5.0
480,59.0,5.0,2.0
481,59.0,24.0,1.0
482,59.0,12.0,2.0
483,59.0,4.0,1.0
484,59.0,19.0,1.0
485,59.0,30.0,2.0
486,59.0,18.0,2.0
487,60.0,3.0,5.0
488,60.0,16.0,5.0
489,60.0,7.0,2.0
490,60.0,22.0,1.0
491,60.0,25.0,6.0
492,60.0,14.0,3.0
493,60.0,13.0,2.0
494,60.0,4.0,5.0
495,60.0,2.0,3.0
496,60.0,10.0,8.0
497,61.0,3.0,6.0
498,61.0,16.0,2.0
499,61.0,11.0,2.0
500,61.0,4.0,2.0
501,61.0,14.0,2.0
502,61.0,10.0,2.0
503,62.0,10.0,2.0
504,62.0,29.0,2.0
505,62.0,4.0,11.0
506,62.0,22.0,4.0
507,62.0,3.0,6.0
508,62.0,17.0,1.0
509,62.0,16.0,4.0
510,62.0,14.0,3.0
511,63.0,25.0,3.0
512,63.0,14.0,4.0
513,63.0,4.0,4.0
514,63.0,5.0,3.0
515,63.0,16.0,3.0
516,63.0,3.0,3.0
517,63.0,22.0,2.0
518,63.0,11.0,1.0
519,63.0,2.0,1.0
520,64.0,10.0,5.0
521,64.0,5.0,1.0
522,64.0,2.0,3.0
523,64.0,3.0,7.0
524,64.0,8.0,1.0
525,64.0,4.0,5.0
526,64.0,25.0,2.0
527,64.0,16.0,2.0
528,64.0,11.0,2.0
529,64.0,14.0,2.0
530,65.0,3.0,3.0
531,65.0,10.0,3.0
532,65.0,0.0,1.0
533,65.0,26.0,3.0
534,65.0,23.0,2.0
535,65.0,27.0,1.0
536,65.0,6.0,1.0
537,65.0,25.0,1.0
538,65.0,20.0,1.0
539,66.0,4.0,6.0
540,66.0,14.0,2.0
541,66.0,16.0,3.0
542,66.0,22.0,2.0
543,66.0,5.0,2.0
544,67.0,4.0,5.0
545,67.0,11.0,1.0
546,67.0,2.0,2.0
547,67.0,21.0,1.0
548,67.0,25.0,4.0
549,67.0,3.0,2.0
550,67.0,10.0,3.0
551,67.0,0.0,1.0
552,67.0,22.0,1.0
553,67.0,16.0,1.0
554,67.0,20.0,2.0
555,67.0,19.0,1.0
556,68.0,3.0,4.0
557,68.0,21.0,4.0
558,68.0,9.0,2.0
559,69.0,3.0,5.0
560,69.0,21.0,2.0
561,69.0,8.0,1.0
562,69.0,30.0,1.0
563,69.0,23.0,1.0
564,69.0,4.0,3.0
565,69.0,25.0,3.0
566,69.0,11.0,3.0
567,69.0,10.0,3.0
568,69.0,16.0,2.0
569,69.0,13.0,2.0
570,70.0,4.0,3.0
571,70.0,19.0,2.0
572,70.0,23.0,1.0
573,70.0,10.0,4.0
574,70.0,7.0,2.0
575,70.0,2.0,1.0
576,70.0,5.0,1.0
577,70.0,11.0,2.0
578,70.0,21.0,1.0
579,70.0,8.0,1.0
580,71.0,21.0,6.0
581,71.0,12.0,1.0
582,71.0,8.0,1.0
583,71.0,3.0,6.0
584,71.0,30.0,2.0
585,71.0,10.0,4.0
586,72.0,25.0,1.0
587,72.0,20.0,1.0
588,72.0,3.0,2.0
589,72.0,22.0,2.0
590,73.0,3.0,4.0
591,73.0,21.0,2.0
592,73.0,4.0,8.0
593,73.0,2.0,3.0
594,73.0,25.0,4.0
595,73.0,22.0,5.0
596,73.0,16.0,2.0
597,73.0,10.0,2.0
598,73.0,29.0,1.0
599,74.0,3.0,5.0
600,74.0,21.0,1.0
601,74.0,22.0,6.0
602,74.0,10.0,3.0
603,74.0,4.0,4.0
604,74.0,2.0,1.0
605,74.0,16.0,1.0
606,74.0,13.0,1.0
607,74.0,14.0,2.0
608,75.0,3.0,7.0
609,75.0,14.0,5.0
610,75.0,22.0,2.0
611,75.0,16.0,6.0
612,75.0,13.0,3.0
613,75.0,4.0,1.0
614,75.0,25.0,1.0
615,76.0,4.0,4.0
616,76.0,16.0,2.0
617,76.0,10.0,2.0
618,76.0,14.0,2.0
619,76.0,13.0,1.0
620,76.0,25.0,1.0
621,76.0,2.0,1.0
622,76.0,3.0,2.0
623,76.0,22.0,3.0
624,77.0,21.0,4.0
625,77.0,22.0,5.0
626,77.0,3.0,8.0
627,77.0,10.0,2.0
628,77.0,12.0,1.0
629,77.0,11.0,2.0
630,77.0,4.0,3.0
631,77.0,16.0,2.0
632,77.0,2.0,2.0
633,77.0,7.0,1.0
634,78.0,4.0,2.0
635,78.0,25.0,8.0
636,78.0,2.0,1.0
637,78.0,20.0,1.0
638,78.0,10.0,7.0
639,78.0,11.0,1.0
640,78.0,3.0,7.0
641,78.0,14.0,3.0
642,79.0,21.0,1.0
643,79.0,25.0,1.0
644,79.0,14.0,3.0
645,79.0,22.0,3.0
646,79.0,3.0,2.0
647,79.0,10.0,3.0
648,79.0,4.0,2.0
649,79.0,11.0,2.0
650,79.0,2.0,2.0
651,79.0,16.0,1.0
652,80.0,23.0,2.0
653,80.0,10.0,4.0
654,80.0,21.0,1.0
655,80.0,5.0,4.0
656,80.0,3.0,6.0
657,80.0,14.0,3.0
658,80.0,9.0,2.0
659,80.0,30.0,1.0
660,80.0,0.0,1.0
661,80.0,4.0,2.0
662,81.0,3.0,3.0
663,81.0,21.0,6.0
664,81.0,4.0,1.0
665,81.0,11.0,2.0
666,81.0,2.0,1.0
667,81.0,14.0,2.0
668,81.0,22.0,2.0
669,81.0,10.0,1.0
670,81.0,26.0,1.0
671,81.0,9.0,1.0
672,81.0,8.0,1.0
673,82.0,3.0,10.0
674,82.0,10.0,7.0
675,82.0,25.0,3.0
676,82.0,20.0,1.0
677,82.0,4.0,4.0
678,82.0,19.0,2.0
679,82.0,14.0,2.0
680,82.0,21.0,2.0
681,82.0,22.0,4.0
682,82.0,2.0,1.0
683,82.0,12.0,2.0
684,83.0,3.0,4.0
685,83.0,21.0,2.0
686,83.0,10.0,5.0
687,83.0,25.0,2.0
688,83.0,20.0,1.0
689,83.0,22.0,1.0
690,83.0,6.0,1.0
691,84.0,4.0,2.0
692,84.0,25.0,2.0
693,84.0,5.0,2.0
694,85.0,21.0,3.0
695,85.0,5.0,3.0
696,85.0,11.0,5.0
697,85.0,25.0,4.0
698,85.0,4.0,3.0
699,85.0,3.0,1.0
700,85.0,14.0,1.0
701,85.0,16.0,1.0
702,86.0,10.0,7.0
703,86.0,30.0,1.0
704,86.0,18.0,1.0
705,86.0,3.0,6.0
706,86.0,4.0,1.0
707,86.0,14.0,3.0
708,86.0,16.0,2.0
709,86.0,12.0,1.0
710,86.0,11.0,3.0
711,86.0,2.0,4.0
712,86.0,6.0,1.0
713,87.0,3.0,6.0
714,87.0,25.0,1.0
715,87.0,14.0,1.0
716,87.0,16.0,2.0
717,87.0,0.0,1.0
718,87.0,10.0,1.0
719,88.0,21.0,2.0
720,88.0,22.0,9.0
721,88.0,4.0,11.0
722,88.0,14.0,2.0
723,88.0,28.0,1.0
724,88.0,10.0,2.0
725,88.0,3.0,1.0
726,88.0,25.0,3.0
727,88.0,2.0,1.0
728,88.0,16.0,2.0
729,89.0,3.0,7.0
730,89.0,17.0,1.0
731,89.0,11.0,6.0
732,89.0,10.0,2.0
733,89.0,21.0,1.0
734,89.0,4.0,1.0
735,89.0,2.0,5.0
736,90.0,11.0,9.0
737,90.0,2.0,10.0
738,90.0,4.0,4.0
739,90.0,25.0,2.0
740,90.0,5.0,2.0
741,90.0,13.0,1.0
742,91.0,3.0,2.0
743,91.0,12.0,1.0
744,91.0,21.0,5.0
745,91.0,5.0,2.0
746,91.0,11.0,2.0
747,91.0,4.0,4.0
748,91.0,25.0,5.0
749,91.0,2.0,4.0
750,91.0,8.0,3.0
751,91.0,20.0,1.0
752,92.0,4.0,3.0
753,92.0,11.0,1.0
754,92.0,2.0,1.0
755,92.0,3.0,4.0
756,92.0,14.0,1.0
757,92.0,22.0,1.0
758,92.0,5.0,2.0
759,92.0,10.0,2.0
760,92.0,26.0,1.0
761,92.0,21.0,1.0
762,92.0,12.0,1.0
763,92.0,0.0,1.0
764,93.0,4.0,7.0
765,93.0,11.0,4.0
766,93.0,2.0,6.0
767,93.0,25.0,2.0
768,93.0,10.0,4.0
769,93.0,5.0,2.0
770,93.0,16.0,2.0
771,93.0,3.0,3.0
772,93.0,7.0,1.0
773,93.0,8.0,1.0
774,93.0,14.0,1.0
775,93.0,22.0,1.0
776,93.0,21.0,1.0
777,94.0,3.0,11.0
778,94.0,10.0,6.0
779,94.0,25.0,2.0
780,94.0,20.0,1.0
781,94.0,21.0,2.0
782,94.0,14.0,3.0
783,94.0,5.0,1.0
784,94.0,11.0,3.0
785,94.0,16.0,1.0
786,94.0,4.0,2.0
787,94.0,2.0,2.0
788,95.0,3.0,4.0
789,95.0,14.0,3.0
790,95.0,17.0,2.0
791,95.0,10.0,1.0
792,95.0,16.0,1.0
793,95.0,22.0,2.0
794,95.0,4.0,5.0
795,95.0,25.0,1.0
796,95.0,5.0,1.0
797,95.0,21.0,1.0
798,95.0,11.0,1.0
799,95.0,8.0,1.0
800,96.0,3.0,9.0
801,96.0,14.0,1.0
802,96.0,22.0,1.0
803,96.0,12.0,2.0
804,96.0,10.0,3.0
805,96.0,25.0,1.0
806,96.0,21.0,1.0
807,96.0,17.0,1.0
808,97.0,10.0,7.0
809,97.0,25.0,3.0
810,97.0,14.0,1.0
811,97.0,2.0,1.0
812,97.0,20.0,1.0
813,97.0,21.0,3.0
814,97.0,11.0,5.0
815,97.0,3.0,3.0
816,97.0,5.0,3.0
817,98.0,3.0,7.0
818,98.0,14.0,4.0
819,98.0,22.0,3.0
820,98.0,11.0,2.0
821,98.0,2.0,4.0
822,98.0,0.0,2.0
823,98.0,7.0,1.0
824,98.0,16.0,1.0
825,98.0,10.0,3.0
826,98.0,4.0,5.0
827,98.0,12.0,1.0
828,98.0,25.0,4.0
829,99.0,18.0,2.0
830,99.0,3.0,7.0
831,99.0,10.0,4.0
832,99.0,21.0,1.0
833,99.0,9.0,2.0
834,99.0,11.0,1.0
835,99.0,2.0,3.0
836,99.0,4.0,2.0
837,99.0,25.0,2.0
838,99.0,14.0,1.0
839,99.0,16.0,1.0
840,100.0,4.0,2.0
841,100.0,11.0,1.0
842,100.0,2.0,3.0
843,100.0,3.0,5.0
844,100.0,14.0,2.0
845,100.0,22.0,1.0
846,100.0,30.0,1.0
847,100.0,0.0,2.0
848,100.0,21.0,2.0
849,100.0,25.0,1.0
850,100.0,10.0,1.0
851,100.0,8.0,1.0
852,101.0,25.0,4.0
853,101.0,14.0,2.0
854,101.0,16.0,6.0
855,101.0,3.0,4.0
856,101.0,7.0,1.0
857,101.0,17.0,1.0
858,101.0,4.0,8.0
859,101.0,2.0,4.0
860,101.0,19.0,1.0
861,101.0,13.0,1.0
862,102.0,3.0,5.0
863,102.0,10.0,10.0
864,102.0,25.0,2.0
865,102.0,4.0,2.0
866,102.0,22.0,1.0
867,102.0,12.0,1.0
868,102.0,14.0,1.0
869,102.0,21.0,2.0
870,102.0,11.0,2.0
871,102.0,19.0,1.0
872,102.0,8.0,1.0
873,103.0,5.0,5.0
874,103.0,10.0,1.0
875,103.0,22.0,1.0
876,103.0,4.0,5.0
877,103.0,11.0,2.0
878,103.0,2.0,3.0
879,103.0,27.0,1.0
880,103.0,25.0,3.0
881,103.0,3.0,1.0
882,103.0,24.0,1.0
883,103.0,19.0,1.0
884,103.0,8.0,1.0
885,104.0,4.0,3.0
886,104.0,25.0,3.0
887,104.0,3.0,5.0
888,104.0,11.0,1.0
889,104.0,2.0,1.0
890,104.0,21.0,2.0
891,104.0,22.0,1.0
892,104.0,10.0,1.0
893,104.0,5.0,4.0
894,104.0,12.0,1.0
895,104.0,29.0,1.0
896,105.0,3.0,3.0
897,105.0,16.0,3.0
898,105.0,22.0,4.0
899,105.0,4.0,4.0
900,105.0,2.0,3.0
901,105.0,10.0,2.0
902,105.0,14.0,2.0
903,105.0,25.0,1.0
904,105.0,11.0,1.0
905,105.0,13.0,2.0
906,106.0,3.0,10.0
907,106.0,12.0,1.0
908,106.0,21.0,4.0
909,106.0,14.0,4.0
910,106.0,10.0,2.0
911,106.0,23.0,1.0
912,106.0,8.0,1.0
913,106.0,4.0,4.0
914,106.0,19.0,2.0
915,107.0,26.0,2.0
916,107.0,4.0,2.0
917,107.0,11.0,1.0
918,107.0,2.0,1.0
919,107.0,5.0,1.0
920,107.0,24.0,1.0
921,107.0,3.0,1.0
922,107.0,10.0,2.0
923,107.0,21.0,1.0
924,107.0,14.0,4.0
925,107.0,16.0,2.0
926,107.0,22.0,4.0
927,107.0,31.0,1.0
928,108.0,4.0,3.0
929,108.0,22.0,4.0
930,108.0,3.0,9.0
931,108.0,16.0,3.0
932,108.0,7.0,2.0
933,108.0,0.0,2.0
934,108.0,14.0,2.0
935,108.0,10.0,4.0
936,108.0,30.0,1.0
937,109.0,3.0,7.0
938,109.0,21.0,3.0
939,109.0,30.0,3.0
940,109.0,10.0,9.0
941,109.0,4.0,6.0
942,109.0,0.0,3.0
943,109.0,7.0,2.0
944,109.0,25.0,2.0
945,109.0,13.0,2.0
946,109.0,2.0,2.0
947,109.0,22.0,2.0
948,109.0,18.0,2.0
949,109.0,28.0,2.0
950,110.0,4.0,5.0
951,110.0,22.0,3.0
952,110.0,7.0,1.0
953,110.0,17.0,1.0
954,110.0,5.0,3.0
955,110.0,11.0,1.0
956,110.0,2.0,1.0
957,110.0,10.0,1.0
958,110.0,14.0,1.0
959,110.0,16.0,1.0
960,110.0,3.0,1.0
961,110.0,21.0,1.0
962,111.0,26.0,1.0
963,111.0,3.0,5.0
964,111.0,21.0,3.0
965,111.0,30.0,2.0
966,111.0,23.0,2.0
967,111.0,10.0,1.0
968,111.0,0.0,1.0
969,111.0,8.0,1.0
970,111.0,27.0,1.0
971,112.0,3.0,7.0
972,112.0,12.0,3.0
973,112.0,22.0,2.0
974,112.0,1.0,1.0
975,112.0,4.0,2.0
976,112.0,25.0,2.0
977,112.0,5.0,4.0
978,112.0,10.0,4.0
979,112.0,21.0,4.0
980,112.0,11.0,3.0
981,113.0,3.0,8.0
982,113.0,30.0,1.0
983,113.0,0.0,2.0
984,113.0,10.0,4.0
985,113.0,14.0,3.0
986,113.0,16.0,2.0
987,113.0,4.0,3.0
988,113.0,22.0,2.0
989,113.0,9.0,2.0
990,113.0,25.0,1.0
991,114.0,21.0,2.0
992,114.0,5.0,5.0
993,114.0,10.0,2.0
994,114.0,11.0,1.0
995,114.0,3.0,6.0
996,114.0,4.0,5.0
997,114.0,24.0,1.0
998,114.0,22.0,3.0
999,114.0,14.0,2.0
1000,115.0,4.0,1.0
1001,115.0,25.0,2.0
1002,115.0,2.0,3.0
1003,115.0,3.0,5.0
1004,115.0,21.0,4.0
1005,115.0,14.0,1.0
1006,115.0,5.0,4.0
1007,115.0,11.0,6.0
1008,115.0,0.0,1.0
1009,115.0,20.0,1.0
1010,115.0,26.0,1.0
1011,115.0,15.0,1.0
1012,115.0,17.0,1.0
1013,116.0,10.0,5.0
1014,116.0,16.0,5.0
1015,116.0,13.0,3.0
1016,116.0,14.0,2.0
1017,116.0,3.0,5.0
1018,116.0,9.0,2.0
1019,116.0,4.0,2.0
1020,116.0,25.0,5.0
1021,116.0,2.0,2.0
1022,116.0,20.0,1.0
1023,116.0,18.0,1.0
1024,117.0,10.0,2.0
1025,117.0,3.0,5.0
1026,117.0,14.0,1.0
1027,117.0,16.0,1.0
1028,117.0,21.0,4.0
1029,118.0,3.0,6.0
1030,118.0,21.0,2.0
1031,118.0,11.0,1.0
1032,118.0,26.0,3.0
1033,118.0,0.0,1.0
1034,118.0,7.0,1.0
1035,118.0,10.0,1.0
1036,118.0,4.0,1.0
1037,118.0,14.0,1.0
1038,118.0,22.0,1.0
1039,118.0,5.0,1.0
1040,118.0,24.0,1.0
1041,118.0,16.0,1.0
1042,119.0,3.0,7.0
1043,119.0,11.0,1.0
1044,119.0,21.0,2.0
1045,119.0,12.0,1.0
1046,119.0,0.0,3.0
1047,119.0,10.0,3.0
1048,119.0,29.0,1.0
1049,119.0,4.0,3.0
1050,119.0,25.0,3.0
1051,119.0,2.0,3.0
1052,119.0,17.0,1.0
1053,119.0,6.0,1.0
1054,120.0,21.0,1.0
1055,120.0,12.0,3.0
1056,120.0,4.0,2.0
1057,120.0,2.0,2.0
1058,120.0,3.0,5.0
1059,120.0,19.0,1.0
1060,120.0,8.0,1.0
1061,120.0,5.0,1.0
1062,120.0,11.0,1.0
1063,120.0,16.0,1.0
1064,121.0,3.0,2.0
1065,121.0,30.0,1.0
1066,121.0,0.0,2.0
1067,121.0,10.0,3.0
1068,121.0,21.0,2.0
1069,121.0,5.0,2.0
1070,121.0,11.0,8.0
1071,121.0,4.0,8.0
1072,121.0,2.0,10.0
1073,121.0,25.0,4.0
1074,121.0,16.0,2.0
1075,122.0,3.0,9.0
1076,122.0,10.0,3.0
1077,122.0,9.0,3.0
1078,122.0,21.0,4.0
1079,122.0,14.0,1.0
1080,122.0,16.0,1.0
1081,122.0,8.0,1.0
1082,122.0,26.0,1.0
1083,122.0,11.0,1.0
1084,123.0,26.0,2.0
1085,123.0,10.0,2.0
1086,123.0,21.0,3.0
1087,123.0,18.0,3.0
1088,123.0,3.0,5.0
1089,123.0,14.0,1.0
1090,123.0,22.0,1.0
1091,123.0,5.0,2.0
1092,123.0,11.0,1.0
1093,123.0,30.0,2.0
1094,123.0,0.0,1.0
1095,124.0,25.0,2.0
1096,124.0,14.0,2.0
1097,124.0,16.0,2.0
1098,124.0,3.0,6.0
1099,124.0,0.0,3.0
1100,124.0,21.0,1.0
1101,124.0,22.0,1.0
1102,124.0,5.0,2.0
1103,124.0,11.0,2.0
1104,124.0,2.0,3.0
1105,124.0,4.0,1.0
1106,124.0,6.0,1.0
1107,124.0,10.0,2.0
1108,125.0,3.0,8.0
1109,125.0,21.0,4.0
1110,125.0,18.0,1.0
1111,125.0,14.0,2.0
1112,125.0,16.0,3.0
1113,125.0,13.0,1.0
1114,125.0,11.0,1.0
1115,125.0,10.0,1.0
1116,125.0,0.0,1.0
1117,125.0,25.0,1.0
1118,126.0,10.0,1.0
1119,126.0,21.0,3.0
1120,126.0,3.0,6.0
1121,126.0,14.0,3.0
1122,126.0,22.0,1.0
1123,126.0,4.0,5.0
1124,126.0,16.0,1.0
1125,126.0,25.0,3.0
1126,126.0,20.0,1.0
1127,126.0,8.0,1.0
1128,126.0,5.0,2.0
1129,126.0,11.0,2.0
1130,126.0,2.0,2.0
1131,127.0,3.0,9.0
1132,127.0,7.0,1.0
1133,127.0,25.0,1.0
1134,127.0,16.0,3.0
1135,127.0,10.0,4.0
1136,127.0,18.0,2.0
1137,127.0,28.0,2.0
1138,127.0,4.0,2.0
1139,127.0,14.0,1.0
1140,128.0,10.0,4.0
1141,128.0,14.0,1.0
1142,128.0,16.0,1.0
1143,128.0,3.0,8.0
1144,128.0,12.0,1.0
1145,128.0,21.0,2.0
1146,128.0,4.0,4.0
1147,128.0,7.0,1.0
1148,128.0,17.0,1.0
1149,128.0,25.0,2.0
1150,128.0,2.0,1.0
1151,129.0,3.0,3.0
1152,129.0,10.0,1.0
1153,129.0,0.0,1.0
1154,130.0,3.0,4.0
1155,130.0,4.0,2.0
1156,130.0,22.0,2.0
1157,130.0,10.0,2.0
1158,131.0,3.0,8.0
1159,131.0,12.0,1.0
1160,131.0,4.0,4.0
1161,131.0,25.0,5.0
1162,131.0,2.0,2.0
1163,131.0,10.0,8.0
1164,131.0,11.0,2.0
1165,131.0,20.0,1.0
1166,131.0,21.0,2.0
1167,131.0,14.0,2.0
1168,132.0,3.0,6.0
1169,132.0,14.0,3.0
1170,132.0,16.0,2.0
1171,132.0,5.0,6.0
1172,132.0,11.0,1.0
1173,132.0,22.0,1.0
1174,132.0,10.0,5.0
1175,133.0,4.0,2.0
1176,133.0,5.0,2.0
1177,134.0,21.0,2.0
1178,134.0,5.0,2.0
1179,135.0,14.0,2.0
1180,135.0,16.0,2.0
1181,135.0,13.0,2.0
1182,135.0,25.0,1.0
1183,135.0,20.0,1.0
1184,135.0,3.0,5.0
1185,135.0,2.0,2.0
1186,135.0,10.0,4.0
1187,135.0,4.0,4.0
1188,135.0,11.0,2.0
1189,135.0,22.0,2.0
1190,135.0,19.0,1.0
1191,135.0,8.0,1.0
1192,136.0,23.0,3.0
1193,136.0,11.0,4.0
1194,136.0,2.0,4.0
1195,136.0,3.0,3.0
1196,136.0,0.0,1.0
1197,136.0,7.0,1.0
1198,136.0,10.0,2.0
1199,136.0,4.0,4.0
1200,136.0,25.0,3.0
1201,136.0,14.0,1.0
1202,137.0,4.0,2.0
1203,137.0,22.0,3.0
1204,137.0,3.0,1.0
1205,137.0,10.0,4.0
1206,137.0,14.0,2.0
1207,137.0,13.0,2.0
1208,137.0,5.0,2.0
1209,137.0,11.0,2.0
1210,138.0,10.0,2.0
1211,138.0,14.0,3.0
1212,138.0,16.0,2.0
1213,138.0,3.0,4.0
1214,138.0,22.0,1.0
1215,138.0,4.0,2.0
1216,138.0,11.0,1.0
1217,138.0,2.0,1.0
1218,138.0,25.0,1.0
1219,138.0,12.0,1.0
1220,138.0,19.0,1.0
1221,138.0,21.0,1.0
1222,139.0,10.0,3.0
1223,139.0,5.0,1.0
1224,139.0,12.0,1.0
1225,139.0,26.0,4.0
1226,139.0,3.0,3.0
1227,139.0,18.0,2.0
1228,139.0,17.0,3.0
1229,139.0,22.0,1.0
1230,139.0,4.0,1.0
1231,139.0,2.0,1.0
1232,140.0,26.0,1.0
1233,140.0,3.0,5.0
1234,140.0,0.0,1.0
1235,140.0,7.0,1.0
1236,140.0,4.0,5.0
1237,140.0,16.0,2.0
1238,140.0,2.0,2.0
1239,140.0,22.0,1.0
1240,140.0,14.0,3.0
1241,140.0,12.0,1.0
1242,140.0,5.0,1.0
1243,140.0,11.0,1.0
1244,140.0,25.0,1.0
1245,141.0,3.0,7.0
1246,141.0,21.0,2.0
1247,141.0,25.0,1.0
1248,141.0,14.0,3.0
1249,141.0,17.0,1.0
1250,141.0,13.0,1.0
1251,141.0,16.0,1.0
1252,141.0,10.0,2.0
1253,141.0,12.0,1.0
1254,141.0,0.0,1.0
1255,141.0,4.0,2.0
1256,141.0,11.0,1.0
1257,142.0,3.0,5.0
1258,142.0,10.0,6.0
1259,142.0,21.0,1.0
1260,142.0,25.0,1.0
1261,142.0,24.0,1.0
1262,142.0,19.0,1.0
1263,142.0,8.0,1.0
1264,142.0,17.0,1.0
1265,142.0,16.0,3.0
1266,142.0,22.0,3.0
1267,142.0,31.0,1.0
1268,143.0,3.0,5.0
1269,143.0,16.0,3.0
1270,143.0,7.0,2.0
1271,143.0,4.0,2.0
1272,143.0,22.0,2.0
1273,143.0,25.0,1.0
1274,143.0,14.0,2.0
1275,143.0,11.0,2.0
1276,143.0,2.0,1.0
1277,143.0,21.0,2.0
1278,143.0,5.0,1.0
1279,143.0,24.0,1.0
1280,144.0,4.0,7.0
1281,144.0,25.0,4.0
1282,144.0,2.0,6.0
1283,144.0,11.0,1.0
1284,144.0,3.0,1.0
1285,144.0,18.0,1.0
1286,144.0,0.0,1.0
1287,144.0,14.0,1.0
1288,144.0,16.0,2.0
1289,144.0,13.0,1.0
1290,144.0,22.0,1.0
1291,145.0,25.0,5.0
1292,145.0,14.0,3.0
1293,145.0,16.0,3.0
1294,145.0,20.0,1.0
1295,145.0,21.0,2.0
1296,145.0,5.0,2.0
1297,145.0,11.0,2.0
1298,145.0,4.0,5.0
1299,145.0,3.0,7.0
1300,145.0,10.0,3.0
1301,145.0,2.0,3.0
1302,145.0,22.0,2.0
1303,146.0,5.0,6.0
1304,146.0,11.0,3.0
1305,146.0,2.0,3.0
1306,146.0,3.0,1.0
1307,146.0,12.0,1.0
1308,146.0,14.0,3.0
1309,146.0,10.0,1.0
1310,146.0,24.0,1.0
1311,146.0,27.0,1.0
1312,146.0,22.0,1.0
1313,146.0,4.0,2.0
1314,146.0,25.0,2.0
1315,146.0,16.0,2.0
1316,147.0,21.0,2.0
1317,147.0,5.0,2.0
1318,147.0,11.0,2.0
1319,147.0,4.0,2.0
1320,147.0,25.0,2.0
1321,147.0,2.0,2.0
1322,147.0,3.0,1.0
1323,147.0,10.0,1.0
1324,147.0,0.0,1.0
1325,147.0,14.0,2.0
1326,147.0,16.0,2.0
1327,148.0,3.0,7.0
1328,148.0,25.0,3.0
1329,148.0,5.0,4.0
1330,148.0,11.0,4.0
1331,148.0,10.0,3.0
1332,148.0,14.0,2.0
1333,148.0,4.0,1.0
1334,148.0,2.0,1.0
1335,148.0,12.0,2.0
1336,148.0,22.0,2.0
1337,148.0,20.0,1.0
1338,149.0,3.0,2.0
1339,149.0,9.0,2.0
1340,149.0,25.0,1.0
1341,149.0,20.0,1.0
1342,150.0,3.0,4.0
1343,150.0,6.0,1.0
1344,150.0,10.0,2.0
1345,150.0,23.0,3.0
1346,150.0,21.0,2.0
1347,150.0,11.0,1.0
1348,150.0,14.0,1.0
1349,150.0,2.0,1.0
1350,150.0,30.0,1.0
1351,150.0,26.0,1.0
1352,151.0,10.0,1.0
1353,151.0,14.0,3.0
1354,151.0,16.0,2.0
1355,151.0,25.0,2.0
1356,151.0,3.0,3.0
1357,151.0,5.0,6.0
1358,151.0,4.0,3.0
1359,151.0,20.0,1.0
1360,151.0,21.0,2.0
1361,151.0,11.0,2.0
1362,151.0,22.0,1.0
1363,152.0,3.0,3.0
1364,152.0,21.0,2.0
1365,152.0,10.0,4.0
1366,152.0,26.0,4.0
1367,152.0,4.0,1.0
1368,152.0,2.0,1.0
1369,152.0,14.0,1.0
1370,153.0,4.0,4.0
1371,153.0,5.0,4.0
1372,153.0,16.0,2.0
1373,153.0,2.0,2.0
1374,153.0,3.0,3.0
1375,153.0,10.0,7.0
1376,153.0,11.0,4.0
1377,153.0,12.0,1.0
1378,153.0,14.0,1.0
1379,153.0,22.0,1.0
1380,154.0,3.0,8.0
1381,154.0,9.0,2.0
1382,154.0,0.0,6.0
1383,154.0,30.0,2.0
1384,154.0,5.0,2.0
1385,154.0,11.0,2.0
1386,154.0,2.0,2.0
1387,154.0,21.0,2.0
1388,154.0,7.0,1.0
1389,154.0,22.0,1.0
1390,155.0,5.0,5.0
1391,155.0,3.0,1.0
1392,155.0,4.0,4.0
1393,155.0,25.0,3.0
1394,155.0,16.0,1.0
1395,155.0,10.0,2.0
1396,155.0,17.0,1.0
1397,155.0,21.0,1.0
1398,155.0,2.0,2.0
1399,155.0,11.0,1.0
1400,156.0,3.0,8.0
1401,156.0,11.0,1.0
1402,156.0,16.0,5.0
1403,156.0,13.0,5.0
1404,156.0,14.0,1.0
1405,156.0,10.0,2.0
1406,156.0,4.0,3.0
1407,156.0,7.0,2.0
1408,156.0,20.0,2.0
1409,156.0,22.0,3.0
1410,156.0,17.0,1.0
1411,157.0,3.0,3.0
1412,157.0,4.0,1.0
1413,157.0,22.0,1.0
1414,157.0,10.0,2.0
1415,158.0,3.0,7.0
1416,158.0,10.0,3.0
1417,158.0,8.0,1.0
1418,158.0,21.0,2.0
1419,158.0,0.0,1.0
1420,158.0,14.0,1.0
1421,158.0,22.0,1.0
1422,158.0,12.0,1.0
1423,158.0,4.0,1.0
1424,158.0,25.0,1.0
1425,158.0,16.0,1.0
1426,158.0,11.0,1.0
1427,159.0,3.0,8.0
1428,159.0,10.0,4.0
1429,159.0,21.0,2.0
1430,159.0,29.0,2.0
1431,159.0,4.0,3.0
1432,159.0,25.0,3.0
1433,159.0,2.0,3.0
1434,160.0,10.0,2.0
1435,160.0,4.0,4.0
1436,160.0,25.0,3.0
1437,160.0,3.0,2.0
1438,160.0,27.0,1.0
1439,160.0,13.0,1.0
1440,160.0,11.0,2.0
1441,160.0,2.0,2.0
1442,161.0,10.0,5.0
1443,161.0,5.0,7.0
1444,161.0,12.0,1.0
1445,161.0,3.0,4.0
1446,161.0,0.0,2.0
1447,161.0,22.0,2.0
1448,161.0,4.0,12.0
1449,161.0,16.0,4.0
1450,161.0,2.0,4.0
1451,161.0,11.0,4.0
1452,161.0,14.0,2.0
1453,161.0,25.0,4.0
1454,162.0,21.0,2.0
1455,162.0,5.0,2.0
1456,162.0,10.0,2.0
1457,162.0,4.0,2.0
1458,162.0,22.0,2.0
1459,163.0,25.0,6.0
1460,163.0,20.0,3.0
1461,163.0,3.0,6.0
1462,163.0,10.0,5.0
1463,163.0,21.0,2.0
1464,163.0,4.0,9.0
1465,163.0,14.0,2.0
1466,163.0,16.0,2.0
1467,163.0,2.0,5.0
1468,163.0,11.0,3.0
1469,163.0,5.0,1.0
1470,164.0,10.0,2.0
1471,165.0,4.0,5.0
1472,165.0,11.0,2.0
1473,165.0,2.0,3.0
1474,165.0,25.0,7.0
1475,165.0,3.0,2.0
1476,165.0,16.0,2.0
1477,165.0,20.0,1.0
1478,165.0,10.0,1.0
1479,165.0,17.0,1.0
1480,166.0,30.0,1.0
1481,166.0,23.0,5.0
1482,166.0,3.0,2.0
1483,166.0,21.0,2.0
1484,166.0,11.0,1.0
1485,166.0,12.0,1.0
1486,166.0,27.0,1.0
1487,167.0,3.0,4.0
1488,167.0,21.0,6.0
1489,167.0,4.0,2.0
1490,167.0,5.0,4.0
1491,167.0,11.0,2.0
1492,167.0,10.0,2.0
1493,167.0,16.0,1.0
1494,167.0,22.0,1.0
1495,167.0,12.0,1.0
1496,167.0,2.0,1.0
1497,168.0,3.0,7.0
1498,168.0,12.0,3.0
1499,168.0,10.0,3.0
1500,168.0,21.0,4.0
1501,168.0,14.0,2.0
1502,168.0,16.0,2.0
1503,168.0,11.0,1.0
1504,168.0,4.0,1.0
1505,169.0,5.0,2.0
1506,169.0,18.0,2.0
1507,169.0,12.0,2.0
1508,170.0,4.0,7.0
1509,170.0,16.0,6.0
1510,170.0,22.0,3.0
1511,170.0,25.0,6.0
1512,170.0,20.0,1.0
1513,170.0,2.0,2.0
1514,170.0,3.0,2.0
1515,170.0,13.0,1.0
1516,170.0,11.0,1.0
1517,170.0,14.0,2.0
1518,171.0,3.0,9.0
1519,171.0,14.0,2.0
1520,171.0,22.0,1.0
1521,171.0,30.0,1.0
1522,171.0,0.0,2.0
1523,171.0,5.0,2.0
1524,171.0,11.0,2.0
1525,171.0,12.0,1.0
1526,171.0,9.0,1.0
1527,171.0,10.0,1.0
1528,172.0,7.0,1.0
1529,172.0,17.0,1.0
1530,172.0,3.0,5.0
1531,172.0,21.0,2.0
1532,172.0,11.0,1.0
1533,172.0,12.0,1.0
1534,172.0,25.0,2.0
1535,172.0,14.0,2.0
1536,172.0,4.0,1.0
1537,172.0,2.0,1.0
1538,172.0,22.0,1.0
1539,173.0,3.0,4.0
1540,173.0,22.0,2.0
1541,173.0,21.0,2.0
1542,173.0,11.0,1.0
1543,173.0,10.0,1.0
1544,173.0,2.0,1.0
1545,173.0,25.0,1.0
1546,174.0,14.0,7.0
1547,174.0,16.0,8.0
1548,174.0,3.0,8.0
1549,174.0,10.0,2.0
1550,174.0,4.0,6.0
1551,174.0,22.0,3.0
1552,174.0,13.0,3.0
1553,175.0,3.0,8.0
1554,175.0,6.0,1.0
1555,175.0,10.0,7.0
1556,175.0,21.0,3.0
1557,175.0,7.0,1.0
1558,175.0,14.0,1.0
1559,175.0,16.0,2.0
1560,176.0,3.0,7.0
1561,176.0,10.0,8.0
1562,176.0,5.0,2.0
1563,176.0,11.0,3.0
1564,176.0,4.0,3.0
1565,176.0,2.0,3.0
1566,176.0,25.0,4.0
1567,176.0,21.0,1.0
1568,176.0,8.0,1.0
1569,176.0,14.0,2.0
1570,176.0,13.0,2.0
1571,176.0,6.0,1.0
1572,177.0,10.0,7.0
1573,177.0,4.0,4.0
1574,177.0,5.0,2.0
1575,177.0,22.0,2.0
1576,177.0,3.0,5.0
1577,177.0,29.0,2.0
1578,177.0,12.0,1.0
1579,177.0,7.0,1.0
1580,177.0,17.0,1.0
1581,177.0,21.0,1.0
1582,178.0,5.0,7.0
1583,178.0,11.0,5.0
1584,178.0,4.0,4.0
1585,178.0,25.0,5.0
1586,178.0,2.0,3.0
1587,178.0,3.0,2.0
1588,178.0,10.0,2.0
1589,178.0,20.0,1.0
1590,178.0,21.0,2.0
1591,179.0,3.0,9.0
1592,179.0,21.0,3.0
1593,179.0,12.0,1.0
1594,179.0,14.0,4.0
1595,179.0,5.0,2.0
1596,179.0,11.0,2.0
1597,179.0,16.0,6.0
1598,179.0,18.0,2.0
1599,179.0,4.0,1.0
1600,179.0,25.0,1.0
1601,179.0,2.0,1.0
1602,179.0,13.0,2.0
1603,180.0,3.0,7.0
1604,180.0,7.0,2.0
1605,180.0,4.0,2.0
1606,180.0,0.0,1.0
1607,180.0,24.0,1.0
1608,180.0,14.0,2.0
1609,180.0,16.0,2.0
1610,180.0,10.0,1.0
1611,181.0,4.0,2.0
1612,181.0,7.0,1.0
1613,181.0,17.0,1.0
1614,181.0,3.0,5.0
1615,181.0,10.0,1.0
1616,181.0,0.0,1.0
1617,181.0,25.0,3.0
1618,181.0,2.0,3.0
1619,181.0,16.0,1.0
1620,181.0,20.0,1.0
1621,181.0,26.0,1.0
1622,181.0,21.0,1.0
1623,181.0,12.0,1.0
1624,182.0,21.0,2.0
1625,182.0,5.0,3.0
1626,182.0,10.0,1.0
1627,182.0,30.0,1.0
1628,183.0,3.0,3.0
1629,183.0,10.0,2.0
1630,183.0,4.0,1.0
1631,183.0,14.0,1.0
1632,183.0,21.0,1.0
1633,183.0,26.0,1.0
1634,183.0,30.0,1.0
1635,184.0,3.0,2.0
1636,184.0,21.0,2.0
1637,185.0,3.0,9.0
1638,185.0,11.0,2.0
1639,185.0,8.0,3.0
1640,185.0,4.0,2.0
1641,185.0,0.0,3.0
1642,185.0,14.0,3.0
1643,185.0,7.0,3.0
1644,185.0,17.0,1.0
1645,185.0,16.0,2.0
1646,185.0,10.0,1.0
1647,186.0,3.0,6.0
1648,186.0,24.0,1.0
1649,186.0,26.0,2.0
1650,186.0,14.0,1.0
1651,186.0,22.0,1.0
1652,186.0,9.0,2.0
1653,186.0,21.0,1.0
1654,187.0,21.0,2.0
1655,187.0,10.0,2.0
1656,187.0,26.0,1.0
1657,187.0,19.0,1.0
1658,187.0,8.0,1.0
1659,187.0,3.0,3.0
1660,187.0,4.0,1.0
1661,187.0,14.0,1.0
1662,187.0,2.0,1.0
1663,187.0,12.0,1.0
1664,188.0,3.0,4.0
1665,188.0,22.0,1.0
1666,188.0,16.0,1.0
1667,188.0,13.0,2.0
1668,188.0,4.0,5.0
1669,188.0,25.0,7.0
1670,188.0,2.0,4.0
1671,188.0,0.0,2.0
1672,188.0,17.0,3.0
1673,188.0,14.0,1.0
1674,189.0,3.0,5.0
1675,189.0,6.0,1.0
1676,189.0,10.0,3.0
1677,189.0,7.0,1.0
1678,189.0,4.0,4.0
1679,189.0,21.0,2.0
1680,189.0,14.0,2.0
1681,189.0,12.0,2.0
1682,189.0,16.0,3.0
1683,189.0,22.0,2.0
1684,189.0,11.0,1.0
1685,189.0,25.0,2.0
1686,190.0,10.0,4.0
1687,190.0,21.0,2.0
1688,190.0,11.0,1.0
1689,190.0,3.0,3.0
1690,190.0,14.0,1.0
1691,190.0,22.0,1.0
1692,190.0,30.0,1.0
1693,190.0,0.0,1.0
1694,191.0,4.0,2.0
1695,191.0,25.0,2.0
1696,191.0,2.0,2.0
1697,191.0,3.0,6.0
1698,191.0,10.0,4.0
1699,191.0,12.0,2.0
1700,191.0,22.0,2.0
1701,192.0,4.0,2.0
1702,192.0,11.0,1.0
1703,192.0,2.0,1.0
1704,192.0,10.0,3.0
1705,192.0,13.0,2.0
1706,192.0,21.0,1.0
1707,192.0,3.0,4.0
1708,192.0,29.0,1.0
1709,193.0,4.0,5.0
1710,193.0,11.0,1.0
1711,193.0,2.0,3.0
1712,193.0,3.0,1.0
1713,193.0,14.0,6.0
1714,193.0,16.0,4.0
1715,193.0,25.0,8.0
1716,193.0,5.0,4.0
1717,193.0,20.0,1.0
1718,193.0,22.0,2.0
1719,194.0,10.0,4.0
1720,194.0,14.0,1.0
1721,194.0,16.0,1.0
1722,194.0,3.0,7.0
1723,194.0,6.0,1.0
1724,194.0,2.0,2.0
1725,194.0,4.0,2.0
1726,194.0,25.0,2.0
1727,194.0,5.0,4.0
1728,194.0,11.0,1.0
1729,194.0,12.0,3.0
1730,194.0,22.0,2.0
1731,194.0,30.0,1.0
1732,194.0,0.0,2.0
1733,194.0,24.0,1.0
1734,195.0,14.0,2.0
1735,195.0,16.0,2.0
1736,196.0,4.0,5.0
1737,196.0,25.0,3.0
1738,196.0,14.0,1.0
1739,196.0,13.0,4.0
1740,196.0,3.0,3.0
1741,196.0,10.0,3.0
1742,196.0,21.0,1.0
1743,196.0,5.0,3.0
1744,196.0,11.0,3.0
1745,197.0,10.0,4.0
1746,197.0,13.0,1.0
1747,197.0,22.0,2.0
1748,197.0,3.0,6.0
1749,197.0,14.0,4.0
1750,197.0,16.0,3.0
1751,197.0,21.0,2.0
1752,197.0,25.0,1.0
1753,197.0,4.0,1.0
1754,197.0,0.0,1.0
1755,198.0,4.0,7.0
1756,198.0,25.0,7.0
1757,198.0,2.0,4.0
1758,198.0,3.0,3.0
1759,198.0,14.0,1.0
1760,198.0,16.0,1.0
1761,198.0,20.0,1.0
1762,198.0,5.0,3.0
1763,198.0,0.0,1.0
1764,198.0,7.0,1.0
1765,198.0,11.0,1.0
1766,198.0,13.0,1.0
1767,199.0,5.0,2.0
1768,199.0,11.0,2.0
1769,199.0,2.0,2.0
1770,200.0,3.0,2.0
1771,200.0,12.0,1.0
1772,200.0,21.0,3.0
1773,200.0,5.0,3.0
1774,200.0,10.0,1.0
1775,200.0,4.0,7.0
1776,200.0,25.0,7.0
1777,200.0,11.0,3.0
1778,200.0,2.0,4.0
1779,201.0,3.0,7.0
1780,201.0,16.0,4.0
1781,201.0,7.0,2.0
1782,201.0,12.0,1.0
1783,201.0,9.0,2.0
1784,201.0,19.0,1.0
1785,201.0,8.0,1.0
1786,201.0,4.0,3.0
1787,201.0,25.0,3.0
1788,201.0,2.0,3.0
1789,201.0,26.0,1.0
1790,201.0,24.0,1.0
1791,201.0,18.0,2.0
1792,202.0,4.0,6.0
1793,202.0,11.0,1.0
1794,202.0,2.0,6.0
1795,202.0,25.0,9.0
1796,202.0,14.0,1.0
1797,202.0,16.0,1.0
1798,202.0,3.0,1.0
1799,202.0,10.0,3.0
1800,202.0,0.0,1.0
1801,202.0,20.0,1.0
1802,202.0,5.0,2.0
1803,202.0,18.0,2.0
1804,202.0,12.0,2.0
1805,203.0,10.0,3.0
1806,203.0,14.0,1.0
1807,203.0,16.0,1.0
1808,203.0,4.0,4.0
1809,203.0,11.0,4.0
1810,203.0,2.0,5.0
1811,203.0,5.0,4.0
1812,203.0,18.0,1.0
1813,203.0,25.0,3.0
1814,203.0,3.0,3.0
1815,203.0,0.0,1.0
1816,204.0,4.0,3.0
1817,204.0,22.0,3.0
1818,204.0,10.0,5.0
1819,204.0,21.0,1.0
1820,204.0,3.0,6.0
1821,204.0,0.0,1.0
1822,204.0,2.0,1.0
1823,204.0,25.0,1.0
1824,204.0,20.0,1.0
1825,205.0,3.0,3.0
1826,205.0,6.0,1.0
1827,205.0,10.0,6.0
1828,205.0,21.0,3.0
1829,205.0,11.0,2.0
1830,205.0,24.0,1.0
1831,205.0,4.0,3.0
1832,205.0,2.0,1.0
1833,205.0,22.0,2.0
1834,205.0,5.0,1.0
1835,205.0,12.0,1.0
1836,206.0,4.0,2.0
1837,206.0,11.0,2.0
1838,206.0,2.0,2.0
1839,206.0,25.0,3.0
1840,206.0,20.0,1.0
1841,206.0,10.0,6.0
1842,206.0,3.0,5.0
1843,206.0,14.0,1.0
1844,206.0,16.0,1.0
1845,206.0,22.0,1.0
1846,206.0,28.0,1.0
1847,207.0,3.0,4.0
1848,207.0,14.0,3.0
1849,207.0,22.0,5.0
1850,207.0,16.0,3.0
1851,207.0,13.0,2.0
1852,207.0,10.0,2.0
1853,207.0,4.0,2.0
1854,207.0,25.0,1.0
1855,207.0,5.0,1.0
1856,208.0,16.0,3.0
1857,208.0,3.0,5.0
1858,208.0,10.0,2.0
1859,208.0,0.0,1.0
1860,208.0,11.0,2.0
1861,208.0,2.0,2.0
1862,208.0,25.0,1.0
1863,208.0,14.0,2.0
1864,208.0,4.0,1.0
1865,209.0,4.0,4.0
1866,209.0,11.0,1.0
1867,209.0,2.0,4.0
1868,209.0,3.0,5.0
1869,209.0,14.0,1.0
1870,209.0,22.0,1.0
1871,209.0,30.0,1.0
1872,209.0,0.0,2.0
1873,209.0,25.0,4.0
1874,209.0,20.0,1.0
1875,209.0,6.0,1.0
1876,209.0,10.0,3.0
1877,210.0,11.0,2.0
1878,210.0,2.0,4.0
1879,210.0,10.0,7.0
1880,210.0,4.0,6.0
1881,210.0,5.0,4.0
1882,210.0,18.0,2.0
1883,210.0,21.0,2.0
1884,210.0,22.0,2.0
1885,210.0,3.0,3.0
1886,210.0,25.0,4.0
1887,210.0,16.0,2.0
1888,211.0,3.0,10.0
1889,211.0,10.0,4.0
1890,211.0,5.0,2.0
1891,211.0,21.0,1.0
1892,211.0,14.0,1.0
1893,211.0,16.0,1.0
1894,211.0,26.0,1.0
1895,212.0,10.0,3.0
1896,212.0,21.0,5.0
1897,212.0,3.0,6.0
1898,212.0,14.0,1.0
1899,212.0,22.0,2.0
1900,212.0,15.0,1.0
1901,212.0,7.0,2.0
1902,212.0,19.0,1.0
1903,213.0,3.0,5.0
1904,213.0,10.0,3.0
1905,213.0,9.0,2.0
1906,213.0,21.0,2.0
1907,213.0,11.0,3.0
1908,213.0,25.0,7.0
1909,213.0,16.0,3.0
1910,213.0,4.0,8.0
1911,213.0,13.0,2.0
1912,213.0,17.0,2.0
1913,213.0,14.0,1.0
1914,213.0,2.0,2.0
1915,214.0,11.0,1.0
1916,214.0,2.0,1.0
1917,214.0,3.0,4.0
1918,214.0,10.0,2.0
1919,214.0,21.0,2.0
1920,214.0,16.0,2.0
1921,214.0,13.0,1.0
1922,214.0,4.0,1.0
1923,214.0,0.0,1.0
1924,215.0,4.0,5.0
1925,215.0,11.0,1.0
1926,215.0,2.0,3.0
1927,215.0,10.0,9.0
1928,215.0,3.0,4.0
1929,215.0,25.0,2.0
1930,215.0,6.0,1.0
1931,215.0,20.0,1.0
1932,215.0,21.0,1.0
1933,216.0,10.0,2.0
1934,216.0,14.0,5.0
1935,216.0,16.0,4.0
1936,216.0,4.0,2.0
1937,216.0,11.0,1.0
1938,216.0,2.0,1.0
1939,216.0,3.0,4.0
1940,216.0,25.0,1.0
1941,216.0,21.0,1.0
1942,216.0,22.0,1.0
1943,216.0,13.0,2.0
1944,217.0,25.0,3.0
1945,217.0,20.0,1.0
1946,217.0,3.0,3.0
1947,217.0,21.0,1.0
1948,217.0,8.0,1.0
1949,217.0,23.0,1.0
1950,217.0,4.0,8.0
1951,217.0,11.0,2.0
1952,217.0,2.0,4.0
1953,217.0,19.0,2.0
1954,217.0,16.0,4.0
1955,218.0,3.0,7.0
1956,218.0,14.0,3.0
1957,218.0,21.0,1.0
1958,218.0,11.0,3.0
1959,218.0,9.0,1.0
1960,218.0,12.0,1.0
1961,218.0,4.0,1.0
1962,218.0,2.0,2.0
1963,218.0,22.0,1.0
1964,218.0,25.0,1.0
1965,218.0,16.0,1.0
1966,219.0,4.0,7.0
1967,219.0,0.0,2.0
1968,219.0,7.0,2.0
1969,219.0,3.0,6.0
1970,219.0,16.0,1.0
1971,219.0,17.0,1.0
1972,219.0,19.0,1.0
1973,219.0,21.0,1.0
1974,219.0,8.0,1.0
1975,219.0,5.0,5.0
1976,220.0,21.0,5.0
1977,220.0,5.0,4.0
1978,220.0,3.0,5.0
1979,220.0,14.0,1.0
1980,220.0,10.0,6.0
1981,220.0,11.0,6.0
1982,220.0,0.0,1.0
1983,220.0,4.0,2.0
1984,220.0,2.0,2.0
1985,221.0,3.0,4.0
1986,221.0,10.0,6.0
1987,221.0,21.0,2.0
1988,221.0,25.0,1.0
1989,221.0,14.0,1.0
1990,221.0,16.0,1.0
1991,221.0,4.0,2.0
1992,221.0,22.0,3.0
1993,222.0,4.0,3.0
1994,222.0,11.0,3.0
1995,222.0,2.0,1.0
1996,222.0,21.0,4.0
1997,222.0,5.0,5.0
1998,222.0,14.0,3.0
1999,222.0,3.0,6.0
2000,222.0,10.0,1.0
2001,222.0,30.0,2.0
2002,222.0,22.0,2.0
2003,223.0,10.0,2.0
2004,223.0,21.0,3.0
2005,223.0,11.0,3.0
2006,223.0,3.0,6.0
2007,223.0,12.0,1.0
2008,223.0,5.0,2.0
2009,223.0,26.0,1.0
2010,223.0,23.0,1.0
2011,223.0,19.0,1.0
2012,223.0,8.0,1.0
2013,224.0,3.0,8.0
2014,224.0,30.0,3.0
2015,224.0,0.0,2.0
2016,224.0,21.0,5.0
2017,224.0,14.0,1.0
2018,224.0,16.0,1.0
2019,224.0,10.0,3.0
2020,224.0,5.0,3.0
2021,224.0,11.0,3.0
2022,224.0,2.0,1.0
2023,224.0,12.0,1.0
2024,225.0,3.0,7.0
2025,225.0,10.0,6.0
2026,225.0,21.0,6.0
2027,225.0,16.0,1.0
2028,225.0,2.0,1.0
2029,225.0,4.0,2.0
2030,225.0,14.0,2.0
2031,225.0,26.0,1.0
2032,226.0,3.0,11.0
2033,226.0,14.0,4.0
2034,226.0,22.0,6.0
2035,226.0,16.0,2.0
2036,226.0,10.0,2.0
2037,226.0,4.0,2.0
2038,226.0,24.0,1.0
2039,226.0,11.0,2.0
2040,226.0,2.0,2.0
2041,226.0,21.0,2.0
2042,226.0,30.0,2.0
2043,226.0,0.0,2.0
2044,227.0,10.0,3.0
2045,227.0,21.0,3.0
2046,227.0,4.0,5.0
2047,227.0,25.0,4.0
2048,227.0,11.0,5.0
2049,227.0,3.0,2.0
2050,227.0,13.0,1.0
2051,227.0,2.0,3.0
2052,228.0,25.0,1.0
2053,228.0,20.0,1.0
2054,228.0,3.0,8.0
2055,228.0,21.0,2.0
2056,228.0,14.0,4.0
2057,228.0,4.0,7.0
2058,228.0,11.0,2.0
2059,228.0,2.0,2.0
2060,228.0,19.0,2.0
2061,228.0,23.0,1.0
2062,228.0,27.0,1.0
2063,228.0,0.0,1.0
2064,228.0,7.0,1.0
2065,228.0,16.0,1.0
2066,229.0,3.0,6.0
2067,229.0,10.0,12.0
2068,229.0,25.0,3.0
2069,229.0,20.0,1.0
2070,229.0,21.0,2.0
2071,229.0,14.0,2.0
2072,229.0,4.0,6.0
2073,229.0,11.0,4.0
2074,229.0,2.0,4.0
2075,229.0,5.0,2.0
2076,230.0,3.0,5.0
2077,230.0,14.0,2.0
2078,230.0,22.0,2.0
2079,230.0,11.0,2.0
2080,230.0,2.0,1.0
2081,230.0,10.0,2.0
2082,230.0,21.0,3.0
2083,230.0,4.0,1.0
2084,230.0,16.0,1.0
2085,230.0,20.0,1.0
2086,231.0,3.0,7.0
2087,231.0,10.0,2.0
2088,231.0,21.0,3.0
2089,231.0,26.0,1.0
2090,231.0,15.0,1.0
2091,231.0,4.0,1.0
2092,231.0,16.0,1.0
2093,231.0,22.0,1.0
2094,231.0,20.0,1.0
2095,231.0,12.0,1.0
2096,231.0,1.0,1.0
2097,232.0,10.0,3.0
2098,232.0,4.0,6.0
2099,232.0,22.0,6.0
2100,232.0,3.0,5.0
2101,232.0,1.0,1.0
2102,232.0,21.0,2.0
2103,232.0,16.0,1.0
2104,232.0,7.0,1.0
2105,232.0,11.0,1.0
2106,233.0,3.0,2.0
2107,233.0,10.0,1.0
2108,233.0,12.0,1.0
2109,233.0,25.0,4.0
2110,233.0,16.0,5.0
2111,233.0,24.0,2.0
2112,233.0,4.0,3.0
2113,233.0,13.0,6.0
2114,233.0,26.0,1.0
2115,233.0,7.0,1.0
2116,233.0,17.0,1.0
2117,233.0,11.0,1.0
2118,233.0,2.0,1.0
2119,233.0,14.0,1.0
2120,233.0,22.0,1.0
2121,234.0,14.0,9.0
2122,234.0,16.0,2.0
2123,234.0,22.0,6.0
2124,234.0,3.0,8.0
2125,234.0,4.0,3.0
2126,234.0,6.0,1.0
2127,234.0,10.0,2.0
2128,234.0,21.0,2.0
2129,234.0,25.0,2.0
2130,234.0,2.0,2.0
2131,235.0,3.0,8.0
2132,235.0,4.0,5.0
2133,235.0,10.0,5.0
2134,235.0,22.0,6.0
2135,235.0,2.0,2.0
2136,235.0,5.0,3.0
2137,235.0,11.0,2.0
2138,235.0,16.0,4.0
2139,235.0,12.0,1.0
2140,235.0,30.0,1.0
2141,235.0,0.0,1.0
2142,235.0,14.0,2.0
2143,236.0,3.0,8.0
2144,236.0,10.0,1.0
2145,236.0,25.0,1.0
2146,236.0,14.0,2.0
2147,236.0,16.0,2.0
2148,237.0,3.0,3.0
2149,237.0,12.0,1.0
2150,237.0,21.0,2.0
2151,237.0,22.0,2.0
2152,238.0,25.0,1.0
2153,238.0,20.0,1.0
2154,238.0,3.0,9.0
2155,238.0,14.0,2.0
2156,238.0,11.0,4.0
2157,238.0,4.0,2.0
2158,238.0,22.0,4.0
2159,238.0,21.0,4.0
2160,238.0,8.0,1.0
2161,238.0,10.0,4.0
2162,238.0,12.0,1.0
2163,239.0,10.0,4.0
2164,239.0,4.0,5.0
2165,239.0,11.0,2.0
2166,239.0,14.0,4.0
2167,239.0,16.0,2.0
2168,239.0,25.0,1.0
2169,239.0,2.0,3.0
2170,239.0,3.0,6.0
2171,239.0,22.0,2.0
2172,240.0,3.0,4.0
2173,240.0,14.0,3.0
2174,240.0,22.0,1.0
2175,240.0,25.0,3.0
2176,240.0,16.0,3.0
2177,240.0,21.0,3.0
2178,240.0,30.0,1.0
2179,240.0,10.0,4.0
2180,240.0,18.0,2.0
2181,240.0,28.0,2.0
2182,240.0,0.0,1.0
2183,240.0,4.0,3.0
2184,240.0,2.0,2.0
2185,241.0,10.0,8.0
2186,241.0,5.0,8.0
2187,241.0,2.0,1.0
2188,241.0,21.0,2.0
2189,241.0,11.0,2.0
2190,241.0,18.0,1.0
2191,241.0,12.0,1.0
2192,241.0,3.0,1.0
2193,242.0,3.0,7.0
2194,242.0,21.0,5.0
2195,242.0,8.0,2.0
2196,242.0,11.0,4.0
2197,242.0,2.0,2.0
2198,242.0,4.0,3.0
2199,242.0,19.0,2.0
2200,242.0,10.0,3.0
2201,242.0,17.0,2.0
2202,242.0,22.0,1.0
2203,243.0,4.0,5.0
2204,243.0,25.0,1.0
2205,243.0,2.0,3.0
2206,243.0,3.0,3.0
2207,243.0,7.0,1.0
2208,243.0,11.0,1.0
2209,243.0,22.0,2.0
2210,243.0,10.0,3.0
2211,243.0,6.0,1.0
2212,243.0,17.0,1.0
2213,244.0,3.0,7.0
2214,244.0,10.0,3.0
2215,244.0,7.0,1.0
2216,244.0,8.0,1.0
2217,244.0,4.0,3.0
2218,244.0,25.0,3.0
2219,244.0,11.0,3.0
2220,244.0,21.0,2.0
2221,245.0,3.0,6.0
2222,245.0,10.0,5.0
2223,245.0,29.0,1.0
2224,245.0,26.0,2.0
2225,245.0,5.0,2.0
2226,245.0,11.0,2.0
2227,246.0,3.0,5.0
2228,246.0,12.0,1.0
2229,246.0,1.0,1.0
2230,246.0,10.0,5.0
2231,246.0,21.0,1.0
2232,246.0,4.0,2.0
2233,246.0,25.0,5.0
2234,246.0,2.0,2.0
2235,246.0,23.0,1.0
2236,246.0,0.0,1.0
2237,246.0,22.0,1.0
2238,246.0,20.0,1.0
2239,247.0,10.0,5.0
2240,247.0,4.0,7.0
2241,247.0,22.0,4.0
2242,247.0,3.0,6.0
2243,247.0,14.0,4.0
2244,247.0,5.0,2.0
2245,247.0,25.0,3.0
2246,247.0,11.0,4.0
2247,247.0,0.0,2.0
2248,247.0,7.0,1.0
2249,247.0,21.0,1.0
2250,248.0,16.0,1.0
2251,248.0,3.0,9.0
2252,248.0,7.0,2.0
2253,248.0,20.0,2.0
2254,248.0,21.0,4.0
2255,248.0,5.0,2.0
2256,248.0,11.0,2.0
2257,248.0,12.0,1.0
2258,248.0,14.0,1.0
2259,248.0,4.0,1.0
2260,248.0,19.0,1.0
2261,249.0,3.0,4.0
2262,249.0,21.0,3.0
2263,249.0,12.0,1.0
2264,249.0,4.0,4.0
2265,249.0,10.0,4.0
2266,249.0,11.0,2.0
2267,249.0,25.0,3.0
2268,249.0,2.0,3.0
2269,249.0,0.0,1.0
2270,250.0,10.0,7.0
2271,250.0,25.0,3.0
2272,250.0,3.0,7.0
2273,250.0,20.0,1.0
2274,250.0,15.0,1.0
2275,250.0,17.0,1.0
2276,250.0,4.0,5.0
2277,250.0,14.0,4.0
2278,250.0,11.0,2.0
2279,250.0,16.0,2.0
2280,251.0,23.0,1.0
2281,251.0,4.0,6.0
2282,251.0,11.0,3.0
2283,251.0,2.0,6.0
2284,251.0,25.0,4.0
2285,251.0,10.0,3.0
2286,251.0,12.0,1.0
2287,251.0,3.0,1.0
2288,251.0,21.0,1.0
2289,252.0,10.0,3.0
2290,252.0,21.0,3.0
2291,252.0,3.0,5.0
2292,252.0,11.0,1.0
2293,252.0,12.0,4.0
2294,252.0,1.0,2.0
2295,252.0,23.0,1.0
2296,252.0,4.0,3.0
2297,252.0,25.0,1.0
2298,252.0,2.0,1.0
2299,252.0,22.0,3.0
2300,252.0,14.0,1.0
2301,252.0,5.0,1.0
2302,253.0,5.0,8.0
2303,253.0,11.0,3.0
2304,253.0,2.0,2.0
2305,253.0,14.0,5.0
2306,253.0,4.0,3.0
2307,253.0,25.0,3.0
2308,253.0,3.0,3.0
2309,253.0,21.0,1.0
2310,253.0,13.0,1.0
2311,254.0,10.0,2.0
2312,254.0,14.0,2.0
2313,254.0,16.0,1.0
2314,254.0,3.0,3.0
2315,254.0,22.0,1.0
2316,254.0,11.0,3.0
2317,254.0,2.0,4.0
2318,254.0,5.0,4.0
2319,254.0,18.0,2.0
2320,254.0,12.0,2.0
2321,254.0,30.0,1.0
2322,254.0,0.0,2.0
2323,254.0,4.0,1.0
2324,254.0,25.0,1.0
2325,255.0,4.0,2.0
2326,255.0,21.0,3.0
2327,255.0,25.0,3.0
2328,255.0,3.0,8.0
2329,255.0,14.0,2.0
2330,255.0,10.0,3.0
2331,255.0,22.0,1.0
2332,256.0,26.0,1.0
2333,256.0,10.0,1.0
2334,256.0,14.0,3.0
2335,256.0,16.0,1.0
2336,256.0,3.0,5.0
2337,256.0,30.0,1.0
2338,256.0,0.0,1.0
2339,256.0,4.0,2.0
2340,256.0,5.0,5.0
2341,256.0,29.0,1.0
2342,256.0,21.0,1.0
2343,257.0,4.0,1.0
2344,257.0,28.0,2.0
2345,257.0,3.0,6.0
2346,257.0,14.0,3.0
2347,257.0,22.0,1.0
2348,257.0,10.0,1.0
2349,257.0,16.0,2.0
2350,257.0,2.0,1.0
2351,257.0,25.0,1.0
2352,257.0,7.0,2.0
2353,257.0,17.0,1.0
2354,258.0,14.0,3.0
2355,258.0,16.0,3.0
2356,258.0,4.0,1.0
2357,258.0,11.0,1.0
2358,258.0,2.0,1.0
2359,258.0,25.0,3.0
2360,258.0,3.0,4.0
2361,258.0,12.0,2.0
2362,258.0,21.0,3.0
2363,258.0,26.0,1.0
2364,258.0,10.0,2.0
2365,258.0,7.0,2.0
2366,259.0,4.0,9.0
2367,259.0,19.0,1.0
2368,259.0,8.0,1.0
2369,259.0,22.0,5.0
2370,259.0,3.0,3.0
2371,259.0,14.0,3.0
2372,259.0,16.0,5.0
2373,259.0,13.0,2.0
2374,259.0,10.0,3.0
2375,259.0,25.0,1.0
2376,259.0,2.0,1.0
2377,259.0,21.0,1.0
2378,260.0,4.0,4.0
2379,260.0,25.0,4.0
2380,260.0,2.0,2.0
2381,260.0,5.0,2.0
2382,260.0,10.0,3.0
2383,260.0,11.0,2.0
2384,260.0,3.0,7.0
2385,260.0,0.0,1.0
2386,260.0,7.0,1.0
2387,260.0,12.0,2.0
2388,261.0,4.0,4.0
2389,261.0,11.0,2.0
2390,261.0,2.0,3.0
2391,261.0,3.0,4.0
2392,261.0,14.0,1.0
2393,261.0,22.0,1.0
2394,261.0,21.0,1.0
2395,261.0,9.0,1.0
2396,261.0,7.0,1.0
2397,261.0,17.0,1.0
2398,261.0,23.0,1.0
2399,261.0,25.0,3.0
2400,262.0,5.0,2.0
2401,262.0,11.0,2.0
2402,263.0,25.0,1.0
2403,263.0,14.0,5.0
2404,263.0,16.0,2.0
2405,263.0,3.0,2.0
2406,263.0,24.0,1.0
2407,263.0,5.0,1.0
2408,263.0,23.0,1.0
2409,263.0,10.0,2.0
2410,263.0,13.0,3.0
2411,263.0,22.0,2.0
2412,264.0,3.0,7.0
2413,264.0,21.0,4.0
2414,264.0,14.0,5.0
2415,264.0,26.0,1.0
2416,264.0,30.0,3.0
2417,264.0,9.0,1.0
2418,264.0,4.0,2.0
2419,264.0,25.0,2.0
2420,264.0,5.0,2.0
2421,264.0,22.0,2.0
2422,264.0,10.0,1.0
2423,265.0,25.0,1.0
2424,265.0,20.0,1.0
2425,265.0,10.0,2.0
2426,265.0,4.0,2.0
2427,266.0,14.0,5.0
2428,266.0,13.0,2.0
2429,266.0,3.0,6.0
2430,266.0,16.0,3.0
2431,266.0,25.0,2.0
2432,266.0,4.0,1.0
2433,266.0,2.0,1.0
2434,266.0,12.0,1.0
2435,266.0,10.0,1.0
2436,266.0,0.0,1.0
2437,266.0,21.0,1.0
2438,267.0,4.0,2.0
2439,267.0,11.0,2.0
2440,267.0,2.0,3.0
2441,267.0,5.0,3.0
2442,267.0,10.0,1.0
2443,267.0,18.0,1.0
2444,267.0,3.0,3.0
2445,267.0,25.0,1.0
2446,267.0,29.0,2.0
2447,268.0,4.0,5.0
2448,268.0,14.0,2.0
2449,268.0,3.0,3.0
2450,268.0,10.0,3.0
2451,268.0,19.0,1.0
2452,268.0,8.0,1.0
2453,268.0,5.0,4.0
2454,268.0,12.0,2.0
2455,268.0,11.0,2.0
2456,268.0,25.0,1.0
2457,269.0,21.0,6.0
2458,269.0,8.0,2.0
2459,269.0,3.0,5.0
2460,269.0,5.0,2.0
2461,269.0,11.0,4.0
2462,269.0,4.0,3.0
2463,269.0,17.0,1.0
2464,269.0,10.0,4.0
2465,269.0,25.0,2.0
2466,269.0,16.0,2.0
2467,270.0,3.0,9.0
2468,270.0,21.0,6.0
2469,270.0,8.0,2.0
2470,270.0,14.0,2.0
2471,270.0,16.0,2.0
2472,270.0,12.0,2.0
2473,270.0,10.0,2.0
2474,271.0,4.0,6.0
2475,271.0,25.0,3.0
2476,271.0,16.0,2.0
2477,271.0,11.0,2.0
2478,271.0,2.0,2.0
2479,271.0,13.0,1.0
2480,271.0,3.0,4.0
2481,271.0,17.0,2.0
2482,271.0,21.0,1.0
2483,271.0,10.0,1.0
2484,272.0,4.0,3.0
2485,272.0,22.0,2.0
2486,272.0,25.0,1.0
2487,272.0,23.0,1.0
2488,273.0,10.0,1.0
2489,273.0,14.0,2.0
2490,273.0,16.0,2.0
2491,273.0,25.0,8.0
2492,273.0,3.0,1.0
2493,273.0,30.0,1.0
2494,273.0,0.0,1.0
2495,273.0,4.0,6.0
2496,273.0,2.0,8.0
2497,273.0,20.0,1.0
2498,273.0,5.0,2.0
2499,273.0,11.0,2.0
2500,274.0,16.0,7.0
2501,274.0,13.0,4.0
2502,274.0,10.0,7.0
2503,274.0,22.0,2.0
2504,274.0,3.0,2.0
2505,274.0,1.0,1.0
2506,274.0,2.0,1.0
2507,274.0,4.0,2.0
2508,274.0,21.0,1.0
2509,274.0,11.0,2.0
2510,275.0,3.0,11.0
2511,275.0,14.0,1.0
2512,275.0,22.0,1.0
2513,275.0,10.0,7.0
2514,275.0,9.0,4.0
2515,275.0,12.0,2.0
2516,275.0,0.0,3.0
2517,275.0,25.0,2.0
2518,275.0,21.0,2.0
2519,275.0,11.0,1.0
2520,275.0,30.0,1.0
2521,276.0,10.0,3.0
2522,276.0,3.0,6.0
2523,276.0,14.0,4.0
2524,276.0,22.0,3.0
2525,276.0,25.0,1.0
2526,276.0,11.0,1.0
2527,276.0,2.0,1.0
2528,276.0,16.0,2.0
2529,276.0,4.0,2.0
2530,277.0,21.0,2.0
2531,277.0,5.0,4.0
2532,277.0,11.0,3.0
2533,277.0,3.0,6.0
2534,277.0,12.0,2.0
2535,277.0,22.0,2.0
2536,277.0,10.0,6.0
2537,277.0,0.0,1.0
2538,277.0,25.0,2.0
2539,277.0,20.0,1.0
2540,278.0,3.0,4.0
2541,278.0,21.0,2.0
2542,278.0,4.0,5.0
2543,278.0,25.0,5.0
2544,278.0,13.0,5.0
2545,278.0,10.0,1.0
2546,278.0,2.0,1.0
2547,278.0,14.0,1.0
2548,278.0,16.0,1.0
2549,279.0,21.0,1.0
2550,279.0,25.0,5.0
2551,279.0,5.0,3.0
2552,279.0,4.0,3.0
2553,279.0,2.0,6.0
2554,279.0,16.0,2.0
2555,279.0,13.0,1.0
2556,279.0,22.0,1.0
2557,279.0,10.0,2.0
2558,279.0,20.0,1.0
2559,279.0,24.0,1.0
2560,280.0,3.0,3.0
2561,280.0,4.0,5.0
2562,280.0,7.0,2.0
2563,280.0,17.0,2.0
2564,280.0,25.0,3.0
2565,280.0,2.0,3.0
2566,280.0,12.0,1.0
2567,280.0,14.0,2.0
2568,280.0,16.0,2.0
2569,280.0,13.0,2.0
2570,280.0,26.0,1.0
2571,281.0,4.0,10.0
2572,281.0,25.0,10.0
2573,281.0,2.0,3.0
2574,281.0,10.0,4.0
2575,281.0,3.0,3.0
2576,281.0,11.0,2.0
2577,281.0,16.0,7.0
2578,282.0,26.0,1.0
2579,282.0,3.0,4.0
2580,282.0,21.0,3.0
2581,282.0,8.0,2.0
2582,282.0,6.0,1.0
2583,282.0,10.0,5.0
2584,282.0,4.0,1.0
2585,282.0,5.0,1.0
2586,282.0,1.0,1.0
2587,282.0,14.0,2.0
2588,282.0,16.0,1.0
2589,282.0,11.0,1.0
2590,283.0,3.0,3.0
2591,283.0,4.0,3.0
2592,283.0,22.0,1.0
2593,284.0,4.0,1.0
2594,284.0,2.0,1.0
2595,284.0,10.0,1.0
2596,284.0,21.0,1.0
2597,284.0,3.0,4.0
2598,284.0,1.0,2.0
2599,284.0,17.0,4.0
2600,284.0,12.0,1.0
2601,284.0,25.0,1.0
2602,284.0,16.0,1.0
2603,284.0,20.0,1.0
2604,284.0,5.0,1.0
2605,284.0,11.0,1.0
2606,285.0,5.0,1.0
2607,285.0,2.0,4.0
2608,285.0,11.0,4.0
2609,285.0,4.0,3.0
2610,285.0,16.0,2.0
2611,285.0,13.0,1.0
2612,285.0,25.0,1.0
2613,285.0,3.0,3.0
2614,285.0,10.0,3.0
2615,285.0,0.0,1.0
2616,285.0,21.0,2.0
2617,286.0,26.0,1.0
2618,286.0,3.0,9.0
2619,286.0,12.0,2.0
2620,286.0,10.0,1.0
2621,286.0,21.0,2.0
2622,286.0,4.0,2.0
2623,286.0,19.0,2.0
2624,286.0,7.0,1.0
2625,286.0,8.0,3.0
2626,286.0,11.0,1.0
2627,287.0,4.0,3.0
2628,287.0,11.0,1.0
2629,287.0,10.0,2.0
2630,287.0,14.0,4.0
2631,287.0,16.0,3.0
2632,287.0,13.0,1.0
2633,287.0,3.0,4.0
2634,287.0,30.0,1.0
2635,287.0,23.0,1.0
2636,287.0,22.0,3.0
2637,288.0,10.0,2.0
2638,288.0,5.0,2.0
2639,288.0,18.0,2.0
2640,288.0,3.0,2.0
2641,288.0,4.0,2.0
2642,288.0,19.0,2.0
2643,289.0,10.0,7.0
2644,289.0,4.0,1.0
2645,289.0,2.0,1.0
2646,289.0,14.0,1.0
2647,289.0,16.0,1.0
2648,289.0,21.0,5.0
2649,289.0,11.0,5.0
2650,289.0,29.0,2.0
2651,289.0,5.0,4.0
2652,289.0,7.0,1.0
2653,290.0,3.0,2.0
2654,290.0,12.0,2.0
2655,291.0,4.0,9.0
2656,291.0,25.0,6.0
2657,291.0,16.0,2.0
2658,291.0,3.0,8.0
2659,291.0,14.0,3.0
2660,291.0,13.0,1.0
2661,291.0,19.0,2.0
2662,291.0,22.0,4.0
2663,291.0,2.0,2.0
2664,292.0,3.0,8.0
2665,292.0,30.0,3.0
2666,292.0,0.0,2.0
2667,292.0,12.0,1.0
2668,292.0,21.0,3.0
2669,292.0,10.0,1.0
2670,292.0,7.0,1.0
2671,293.0,3.0,8.0
2672,293.0,21.0,1.0
2673,293.0,10.0,5.0
2674,293.0,16.0,2.0
2675,293.0,12.0,1.0
2676,293.0,6.0,1.0
2677,293.0,25.0,2.0
2678,293.0,14.0,2.0
2679,293.0,22.0,2.0
2680,293.0,4.0,1.0
2681,294.0,3.0,2.0
2682,294.0,10.0,1.0
2683,294.0,21.0,2.0
2684,294.0,5.0,2.0
2685,295.0,4.0,4.0
2686,295.0,11.0,4.0
2687,295.0,2.0,7.0
2688,295.0,10.0,3.0
2689,295.0,5.0,3.0
2690,295.0,18.0,1.0
2691,295.0,3.0,1.0
2692,295.0,30.0,1.0
2693,295.0,0.0,1.0
2694,295.0,25.0,6.0
2695,295.0,20.0,1.0
2696,296.0,3.0,2.0
2697,296.0,10.0,2.0
2698,297.0,10.0,3.0
2699,297.0,5.0,4.0
2700,297.0,11.0,5.0
2701,297.0,3.0,7.0
2702,297.0,0.0,4.0
2703,297.0,30.0,1.0
2704,297.0,9.0,2.0
2705,297.0,21.0,3.0
2706,297.0,12.0,2.0
2707,297.0,22.0,2.0
2708,298.0,3.0,5.0
2709,298.0,21.0,3.0
2710,298.0,30.0,2.0
2711,298.0,23.0,2.0
2712,298.0,4.0,7.0
2713,298.0,25.0,3.0
2714,298.0,11.0,3.0
2715,298.0,16.0,2.0
2716,298.0,2.0,2.0
2717,298.0,10.0,6.0
2718,298.0,22.0,2.0
2719,298.0,17.0,1.0
2720,299.0,3.0,4.0
2721,299.0,14.0,2.0
2722,299.0,25.0,2.0
2723,299.0,22.0,2.0
2724,299.0,4.0,1.0
2725,299.0,2.0,1.0
2726,299.0,5.0,3.0
2727,299.0,24.0,3.0
2728,299.0,12.0,1.0
2729,300.0,3.0,2.0
2730,300.0,14.0,3.0
2731,300.0,22.0,2.0
2732,300.0,4.0,2.0
2733,300.0,10.0,2.0
2734,300.0,16.0,2.0
2735,300.0,25.0,2.0
2736,300.0,2.0,1.0
2737,300.0,5.0,1.0
2738,300.0,11.0,1.0
2739,301.0,3.0,6.0
2740,301.0,21.0,3.0
2741,301.0,25.0,3.0
2742,301.0,10.0,4.0
2743,301.0,0.0,2.0
2744,301.0,4.0,4.0
2745,301.0,11.0,4.0
2746,301.0,2.0,4.0
2747,301.0,16.0,2.0
2748,301.0,5.0,2.0
2749,302.0,4.0,5.0
2750,302.0,14.0,2.0
2751,302.0,16.0,2.0
2752,302.0,11.0,5.0
2753,302.0,2.0,3.0
2754,302.0,10.0,2.0
2755,302.0,25.0,7.0
2756,302.0,17.0,1.0
2757,302.0,3.0,2.0
2758,302.0,12.0,1.0
2759,303.0,3.0,11.0
2760,303.0,0.0,3.0
2761,303.0,5.0,6.0
2762,303.0,11.0,2.0
2763,303.0,2.0,2.0
2764,303.0,21.0,2.0
2765,303.0,30.0,3.0
2766,303.0,4.0,4.0
2767,303.0,25.0,2.0
2768,304.0,3.0,8.0
2769,304.0,25.0,1.0
2770,304.0,16.0,1.0
2771,304.0,10.0,3.0
2772,304.0,22.0,5.0
2773,304.0,4.0,2.0
2774,304.0,12.0,2.0
2775,304.0,21.0,3.0
2776,304.0,5.0,2.0
2777,304.0,11.0,2.0
2778,304.0,0.0,1.0
2779,305.0,4.0,5.0
2780,305.0,25.0,5.0
2781,305.0,2.0,1.0
2782,305.0,14.0,9.0
2783,305.0,16.0,7.0
2784,305.0,13.0,6.0
2785,305.0,3.0,3.0
2786,305.0,11.0,3.0
2787,306.0,3.0,7.0
2788,306.0,12.0,3.0
2789,306.0,5.0,4.0
2790,306.0,24.0,1.0
2791,306.0,10.0,4.0
2792,306.0,2.0,2.0
2793,306.0,21.0,1.0
2794,306.0,11.0,1.0
2795,306.0,0.0,1.0
2796,307.0,10.0,5.0
2797,307.0,3.0,6.0
2798,307.0,21.0,3.0
2799,307.0,7.0,1.0
2800,307.0,22.0,2.0
2801,307.0,25.0,2.0
2802,307.0,0.0,1.0
2803,307.0,4.0,1.0
2804,308.0,21.0,2.0
2805,308.0,5.0,2.0
2806,308.0,4.0,3.0
2807,308.0,25.0,3.0
2808,308.0,11.0,3.0
2809,308.0,3.0,2.0
2810,308.0,10.0,2.0
2811,309.0,3.0,6.0
2812,309.0,21.0,4.0
2813,309.0,30.0,2.0
2814,309.0,10.0,2.0
2815,309.0,22.0,2.0
2816,309.0,25.0,1.0
2817,309.0,14.0,4.0
2818,309.0,16.0,4.0
2819,309.0,4.0,2.0
2820,309.0,11.0,1.0
2821,310.0,10.0,8.0
2822,310.0,21.0,4.0
2823,310.0,23.0,2.0
2824,310.0,30.0,1.0
2825,310.0,18.0,1.0
2826,310.0,3.0,6.0
2827,310.0,5.0,2.0
2828,310.0,11.0,2.0
2829,311.0,25.0,5.0
2830,311.0,20.0,1.0
2831,311.0,10.0,8.0
2832,311.0,21.0,1.0
2833,311.0,2.0,5.0
2834,311.0,5.0,2.0
2835,311.0,11.0,3.0
2836,311.0,4.0,5.0
2837,311.0,3.0,2.0
2838,311.0,14.0,1.0
2839,312.0,3.0,13.0
2840,312.0,6.0,1.0
2841,312.0,10.0,11.0
2842,312.0,21.0,2.0
2843,312.0,14.0,5.0
2844,312.0,4.0,4.0
2845,312.0,22.0,2.0
2846,313.0,3.0,7.0
2847,313.0,22.0,2.0
2848,313.0,28.0,1.0
2849,313.0,10.0,1.0
2850,313.0,16.0,2.0
2851,313.0,25.0,1.0
2852,313.0,14.0,1.0
2853,314.0,3.0,5.0
2854,314.0,25.0,3.0
2855,314.0,16.0,3.0
2856,314.0,10.0,1.0
2857,314.0,5.0,1.0
2858,314.0,11.0,2.0
2859,314.0,4.0,3.0
2860,314.0,21.0,1.0
2861,314.0,17.0,2.0
2862,314.0,2.0,2.0
2863,314.0,22.0,1.0
2864,314.0,7.0,1.0
2865,315.0,14.0,2.0
2866,315.0,16.0,2.0
2867,315.0,21.0,1.0
2868,315.0,12.0,1.0
2869,315.0,3.0,6.0
2870,315.0,30.0,1.0
2871,315.0,0.0,1.0
2872,315.0,17.0,1.0
2873,315.0,22.0,1.0
2874,315.0,4.0,3.0
2875,315.0,25.0,2.0
2876,315.0,5.0,2.0
2877,315.0,11.0,1.0
2878,315.0,2.0,1.0
2879,315.0,10.0,2.0
2880,316.0,25.0,1.0
2881,316.0,20.0,1.0
2882,316.0,21.0,2.0
2883,316.0,5.0,3.0
2884,316.0,11.0,3.0
2885,316.0,10.0,5.0
2886,316.0,12.0,1.0
2887,316.0,3.0,4.0
2888,316.0,4.0,3.0
2889,317.0,3.0,6.0
2890,317.0,10.0,5.0
2891,317.0,0.0,1.0
2892,317.0,25.0,3.0
2893,317.0,20.0,1.0
2894,317.0,4.0,4.0
2895,317.0,22.0,2.0
2896,317.0,14.0,4.0
2897,317.0,16.0,2.0
2898,317.0,23.0,1.0
2899,318.0,3.0,6.0
2900,318.0,6.0,1.0
2901,318.0,10.0,2.0
2902,318.0,12.0,2.0
2903,318.0,22.0,3.0
2904,318.0,14.0,1.0
2905,318.0,11.0,1.0
2906,318.0,2.0,1.0
2907,318.0,16.0,1.0
2908,319.0,3.0,6.0
2909,319.0,25.0,2.0
2910,319.0,12.0,1.0
2911,319.0,10.0,3.0
2912,319.0,14.0,2.0
2913,319.0,13.0,1.0
2914,319.0,22.0,1.0
2915,319.0,16.0,1.0
2916,319.0,18.0,2.0
2917,319.0,28.0,2.0
2918,320.0,11.0,5.0
2919,320.0,2.0,2.0
2920,320.0,3.0,1.0
2921,320.0,6.0,1.0
2922,320.0,10.0,6.0
2923,320.0,25.0,2.0
2924,320.0,20.0,1.0
2925,320.0,5.0,3.0
2926,320.0,24.0,1.0
2927,320.0,17.0,1.0
2928,320.0,4.0,3.0
2929,320.0,14.0,1.0
2930,321.0,10.0,1.0
2931,321.0,5.0,5.0
2932,321.0,11.0,3.0
2933,321.0,2.0,2.0
2934,321.0,4.0,2.0
2935,322.0,21.0,3.0
2936,322.0,3.0,10.0
2937,322.0,10.0,8.0
2938,322.0,4.0,4.0
2939,322.0,14.0,4.0
2940,322.0,22.0,2.0
2941,322.0,25.0,2.0
2942,322.0,16.0,2.0
2943,322.0,5.0,2.0
2944,322.0,11.0,2.0
2945,323.0,10.0,1.0
2946,323.0,14.0,1.0
2947,323.0,16.0,1.0
2948,323.0,4.0,3.0
2949,323.0,22.0,1.0
2950,323.0,11.0,1.0
2951,323.0,2.0,2.0
2952,323.0,23.0,3.0
2953,323.0,3.0,1.0
2954,323.0,21.0,1.0
2955,323.0,25.0,1.0
2956,324.0,3.0,8.0
2957,324.0,4.0,2.0
2958,324.0,25.0,2.0
2959,324.0,2.0,2.0
2960,324.0,19.0,1.0
2961,324.0,8.0,1.0
2962,324.0,10.0,2.0
2963,324.0,0.0,1.0
2964,324.0,27.0,1.0
2965,324.0,12.0,1.0
2966,324.0,13.0,1.0
2967,324.0,11.0,3.0
2968,325.0,3.0,7.0
2969,325.0,14.0,6.0
2970,325.0,22.0,2.0
2971,325.0,10.0,3.0
2972,325.0,16.0,4.0
2973,325.0,25.0,1.0
2974,325.0,4.0,1.0
2975,326.0,10.0,2.0
2976,326.0,25.0,2.0
2977,326.0,3.0,4.0
2978,326.0,14.0,1.0
2979,326.0,4.0,5.0
2980,326.0,22.0,2.0
2981,326.0,16.0,1.0
2982,326.0,17.0,1.0
2983,326.0,21.0,1.0
2984,327.0,3.0,5.0
2985,327.0,12.0,2.0
2986,327.0,10.0,3.0
2987,327.0,0.0,1.0
2988,327.0,21.0,1.0
2989,327.0,11.0,1.0
2990,327.0,4.0,5.0
2991,327.0,16.0,1.0
2992,327.0,25.0,5.0
2993,327.0,20.0,1.0
2994,327.0,2.0,4.0
2995,328.0,10.0,6.0
2996,328.0,21.0,4.0
2997,328.0,11.0,2.0
2998,328.0,3.0,7.0
2999,328.0,4.0,2.0
3000,328.0,2.0,1.0
3001,328.0,7.0,1.0
3002,328.0,17.0,1.0
3003,328.0,14.0,1.0
3004,329.0,3.0,8.0
3005,329.0,14.0,2.0
3006,329.0,22.0,4.0
3007,329.0,10.0,1.0
3008,329.0,4.0,2.0
3009,329.0,11.0,2.0
3010,329.0,2.0,1.0
3011,329.0,21.0,2.0
3012,329.0,16.0,1.0
3013,330.0,4.0,9.0
3014,330.0,11.0,1.0
3015,330.0,2.0,5.0
3016,330.0,25.0,7.0
3017,330.0,3.0,4.0
3018,330.0,30.0,2.0
3019,330.0,0.0,1.0
3020,330.0,14.0,1.0
3021,330.0,22.0,3.0
3022,330.0,10.0,2.0
3023,331.0,4.0,3.0
3024,331.0,11.0,5.0
3025,331.0,2.0,4.0
3026,331.0,3.0,5.0
3027,331.0,30.0,1.0
3028,331.0,0.0,2.0
3029,331.0,5.0,5.0
3030,331.0,25.0,1.0
3031,331.0,24.0,2.0
3032,331.0,12.0,1.0
3033,331.0,22.0,1.0
3034,331.0,10.0,1.0
3035,332.0,10.0,1.0
3036,332.0,14.0,3.0
3037,332.0,16.0,2.0
3038,332.0,3.0,4.0
3039,332.0,22.0,1.0
3040,332.0,21.0,2.0
3041,332.0,25.0,1.0
3042,332.0,30.0,1.0
3043,332.0,0.0,1.0
3044,333.0,3.0,2.0
3045,333.0,10.0,2.0
3046,333.0,7.0,1.0
3047,333.0,17.0,1.0
3048,334.0,3.0,7.0
3049,334.0,18.0,1.0
3050,334.0,10.0,1.0
3051,334.0,21.0,1.0
3052,334.0,12.0,2.0
3053,334.0,7.0,1.0
3054,334.0,0.0,1.0
3055,334.0,4.0,2.0
3056,334.0,25.0,2.0
3057,334.0,2.0,2.0
3058,335.0,3.0,5.0
3059,335.0,14.0,3.0
3060,335.0,22.0,1.0
3061,335.0,10.0,3.0
3062,335.0,21.0,1.0
3063,335.0,9.0,1.0
3064,335.0,0.0,1.0
3065,335.0,30.0,1.0
3066,335.0,5.0,4.0
3067,335.0,4.0,3.0
3068,336.0,21.0,4.0
3069,336.0,3.0,6.0
3070,336.0,4.0,1.0
3071,336.0,22.0,3.0
3072,336.0,10.0,5.0
3073,336.0,25.0,2.0
3074,336.0,18.0,1.0
3075,336.0,8.0,1.0
3076,336.0,14.0,3.0
3077,336.0,16.0,1.0
3078,337.0,3.0,8.0
3079,337.0,16.0,3.0
3080,337.0,7.0,2.0
3081,337.0,21.0,3.0
3082,338.0,4.0,6.0
3083,338.0,25.0,1.0
3084,338.0,3.0,4.0
3085,338.0,13.0,1.0
3086,338.0,11.0,7.0
3087,338.0,16.0,1.0
3088,338.0,10.0,4.0
3089,338.0,14.0,2.0
3090,338.0,22.0,2.0
3091,338.0,2.0,2.0
3092,339.0,3.0,4.0
3093,339.0,6.0,1.0
3094,339.0,10.0,4.0
3095,339.0,12.0,1.0
3096,339.0,25.0,4.0
3097,339.0,14.0,1.0
3098,339.0,16.0,1.0
3099,339.0,5.0,2.0
3100,339.0,2.0,2.0
3101,339.0,23.0,1.0
3102,339.0,0.0,1.0
3103,339.0,4.0,1.0
3104,339.0,7.0,1.0
3105,339.0,8.0,1.0
3106,340.0,3.0,7.0
3107,340.0,21.0,3.0
3108,340.0,17.0,1.0
3109,340.0,11.0,2.0
3110,340.0,2.0,2.0
3111,340.0,22.0,1.0
3112,340.0,6.0,1.0
3113,340.0,10.0,6.0
3114,340.0,25.0,3.0
3115,340.0,20.0,1.0
3116,340.0,0.0,1.0
3117,340.0,7.0,1.0
3118,340.0,4.0,2.0
3119,340.0,12.0,1.0
3120,341.0,4.0,6.0
3121,341.0,25.0,4.0
3122,341.0,2.0,2.0
3123,341.0,3.0,6.0
3124,341.0,10.0,4.0
3125,341.0,13.0,2.0
3126,341.0,8.0,3.0
3127,341.0,7.0,1.0
3128,341.0,14.0,1.0
3129,341.0,22.0,1.0
3130,342.0,3.0,7.0
3131,342.0,25.0,3.0
3132,342.0,2.0,2.0
3133,342.0,14.0,4.0
3134,342.0,22.0,1.0
3135,342.0,26.0,1.0
3136,342.0,16.0,1.0
3137,342.0,20.0,1.0
3138,342.0,4.0,1.0
3139,343.0,3.0,3.0
3140,343.0,16.0,2.0
3141,343.0,20.0,2.0
3142,343.0,21.0,4.0
3143,343.0,5.0,5.0
3144,343.0,11.0,2.0
3145,343.0,12.0,2.0
3146,343.0,1.0,1.0
3147,343.0,10.0,3.0
3148,343.0,30.0,1.0
3149,343.0,14.0,1.0
3150,343.0,13.0,1.0
3151,343.0,25.0,3.0
3152,344.0,3.0,10.0
3153,344.0,10.0,4.0
3154,344.0,4.0,1.0
3155,344.0,7.0,1.0
3156,344.0,25.0,1.0
3157,344.0,16.0,1.0
3158,344.0,5.0,2.0
3159,344.0,11.0,3.0
3160,344.0,21.0,4.0
3161,344.0,0.0,1.0
3162,344.0,8.0,1.0
3163,345.0,3.0,2.0
3164,345.0,21.0,2.0
3165,345.0,30.0,2.0
3166,345.0,4.0,4.0
3167,345.0,25.0,3.0
3168,345.0,2.0,4.0
3169,345.0,20.0,1.0
3170,345.0,11.0,2.0
3171,346.0,3.0,6.0
3172,346.0,21.0,5.0
3173,346.0,17.0,2.0
3174,346.0,4.0,1.0
3175,346.0,11.0,2.0
3176,346.0,7.0,1.0
3177,346.0,8.0,2.0
3178,346.0,10.0,2.0
3179,346.0,12.0,1.0
3180,347.0,3.0,9.0
3181,347.0,22.0,2.0
3182,347.0,10.0,2.0
3183,347.0,4.0,3.0
3184,347.0,21.0,3.0
3185,347.0,7.0,1.0
3186,347.0,11.0,1.0
3187,347.0,14.0,3.0
3188,348.0,3.0,5.0
3189,348.0,6.0,1.0
3190,348.0,10.0,2.0
3191,348.0,21.0,2.0
3192,348.0,5.0,4.0
3193,348.0,11.0,4.0
3194,348.0,4.0,12.0
3195,348.0,25.0,4.0
3196,348.0,2.0,6.0
3197,348.0,14.0,2.0
3198,348.0,19.0,2.0
3199,348.0,16.0,2.0
3200,349.0,14.0,7.0
3201,349.0,13.0,4.0
3202,349.0,16.0,3.0
3203,349.0,10.0,4.0
3204,349.0,4.0,2.0
3205,349.0,2.0,2.0
3206,349.0,3.0,5.0
3207,349.0,0.0,2.0
3208,349.0,7.0,2.0
3209,349.0,25.0,2.0
3210,349.0,22.0,2.0
3211,349.0,11.0,1.0
3212,349.0,5.0,2.0
3213,350.0,3.0,10.0
3214,350.0,10.0,8.0
3215,350.0,0.0,1.0
3216,350.0,4.0,4.0
3217,350.0,25.0,2.0
3218,350.0,2.0,2.0
3219,350.0,9.0,2.0
3220,350.0,22.0,2.0
3221,350.0,21.0,1.0
3222,350.0,12.0,1.0
3223,351.0,3.0,7.0
3224,351.0,14.0,4.0
3225,351.0,22.0,2.0
3226,351.0,23.0,1.0
3227,351.0,10.0,4.0
3228,351.0,16.0,2.0
3229,351.0,9.0,2.0
3230,351.0,12.0,2.0
3231,351.0,25.0,1.0
3232,351.0,21.0,1.0
3233,351.0,0.0,1.0
3234,352.0,4.0,5.0
3235,352.0,25.0,3.0
3236,352.0,2.0,2.0
3237,352.0,10.0,5.0
3238,352.0,22.0,2.0
3239,352.0,3.0,5.0
3240,352.0,0.0,1.0
3241,352.0,28.0,1.0
3242,353.0,3.0,4.0
3243,353.0,5.0,6.0
3244,353.0,11.0,1.0
3245,353.0,14.0,2.0
3246,353.0,22.0,1.0
3247,353.0,10.0,4.0
3248,353.0,21.0,3.0
3249,353.0,30.0,1.0
3250,353.0,0.0,1.0
3251,354.0,26.0,3.0
3252,354.0,0.0,1.0
3253,354.0,29.0,1.0
3254,354.0,3.0,5.0
3255,354.0,21.0,2.0
3256,354.0,14.0,2.0
3257,354.0,10.0,6.0
3258,354.0,25.0,3.0
3259,354.0,4.0,3.0
3260,354.0,11.0,2.0
3261,354.0,2.0,1.0
3262,355.0,3.0,4.0
3263,355.0,10.0,3.0
3264,355.0,0.0,2.0
3265,355.0,4.0,4.0
3266,355.0,25.0,5.0
3267,355.0,13.0,2.0
3268,355.0,22.0,2.0
3269,355.0,20.0,1.0
3270,355.0,18.0,2.0
3271,355.0,28.0,2.0
3272,355.0,30.0,1.0
3273,356.0,3.0,4.0
3274,356.0,10.0,4.0
3275,356.0,16.0,3.0
3276,356.0,22.0,1.0
3277,356.0,30.0,1.0
3278,356.0,18.0,1.0
3279,356.0,23.0,2.0
3280,356.0,14.0,2.0
3281,356.0,21.0,2.0
3282,356.0,24.0,1.0
3283,357.0,4.0,11.0
3284,357.0,22.0,2.0
3285,357.0,21.0,3.0
3286,357.0,25.0,5.0
3287,357.0,20.0,1.0
3288,357.0,5.0,4.0
3289,357.0,11.0,4.0
3290,357.0,2.0,4.0
3291,357.0,3.0,4.0
3292,358.0,3.0,1.0
3293,358.0,12.0,1.0
3294,358.0,21.0,2.0
3295,358.0,5.0,2.0
3296,358.0,11.0,4.0
3297,358.0,10.0,2.0
3298,358.0,4.0,2.0
3299,359.0,4.0,1.0
3300,359.0,22.0,2.0
3301,359.0,3.0,8.0
3302,359.0,14.0,2.0
3303,359.0,25.0,1.0
3304,359.0,16.0,1.0
3305,359.0,21.0,1.0
3306,359.0,11.0,3.0
3307,359.0,10.0,2.0
3308,359.0,9.0,2.0
3309,360.0,5.0,4.0
3310,360.0,11.0,1.0
3311,360.0,25.0,1.0
3312,360.0,14.0,1.0
3313,360.0,16.0,2.0
3314,360.0,3.0,4.0
3315,360.0,21.0,1.0
3316,360.0,4.0,1.0
3317,360.0,28.0,1.0
3318,360.0,10.0,2.0
3319,360.0,2.0,2.0
3320,360.0,26.0,1.0
3321,361.0,3.0,6.0
3322,361.0,21.0,6.0
3323,361.0,15.0,1.0
3324,361.0,14.0,2.0
3325,361.0,22.0,2.0
3326,361.0,9.0,1.0
3327,361.0,10.0,3.0
3328,361.0,5.0,1.0
3329,361.0,11.0,2.0
3330,362.0,3.0,7.0
3331,362.0,21.0,1.0
3332,362.0,25.0,3.0
3333,362.0,22.0,1.0
3334,362.0,10.0,5.0
3335,362.0,9.0,2.0
3336,362.0,12.0,1.0
3337,362.0,0.0,1.0
3338,362.0,14.0,2.0
3339,362.0,16.0,2.0
3340,362.0,4.0,2.0
3341,362.0,2.0,2.0
3342,363.0,3.0,2.0
3343,363.0,21.0,2.0
3344,364.0,3.0,4.0
3345,364.0,21.0,4.0
3346,364.0,9.0,1.0
3347,364.0,25.0,5.0
3348,364.0,2.0,3.0
3349,364.0,4.0,4.0
3350,364.0,17.0,1.0
3351,364.0,10.0,1.0
3352,364.0,5.0,2.0
3353,364.0,11.0,2.0
3354,364.0,14.0,1.0
3355,364.0,16.0,1.0
3356,364.0,22.0,1.0
3357,365.0,3.0,7.0
3358,365.0,21.0,2.0
3359,365.0,9.0,1.0
3360,365.0,10.0,5.0
3361,365.0,11.0,3.0
3362,365.0,4.0,3.0
3363,365.0,5.0,2.0
3364,365.0,2.0,1.0
3365,365.0,19.0,2.0
3366,365.0,12.0,2.0
3367,366.0,5.0,4.0
3368,366.0,7.0,1.0
3369,366.0,17.0,1.0
3370,366.0,10.0,2.0
3371,366.0,2.0,1.0
3372,366.0,3.0,4.0
3373,366.0,12.0,2.0
3374,366.0,22.0,2.0
3375,366.0,24.0,2.0
3376,366.0,11.0,1.0
3377,367.0,3.0,8.0
3378,367.0,21.0,4.0
3379,367.0,10.0,5.0
3380,367.0,0.0,1.0
3381,367.0,14.0,1.0
3382,367.0,22.0,1.0
3383,367.0,29.0,1.0
3384,367.0,8.0,2.0
3385,367.0,7.0,1.0
3386,367.0,4.0,2.0
3387,367.0,25.0,2.0
3388,367.0,16.0,2.0
3389,368.0,4.0,9.0
3390,368.0,16.0,4.0
3391,368.0,2.0,6.0
3392,368.0,10.0,2.0
3393,368.0,3.0,6.0
3394,368.0,21.0,1.0
3395,368.0,9.0,1.0
3396,368.0,22.0,2.0
3397,368.0,14.0,3.0
3398,369.0,3.0,6.0
3399,369.0,9.0,1.0
3400,369.0,0.0,1.0
3401,369.0,14.0,2.0
3402,369.0,22.0,4.0
3403,369.0,21.0,3.0
3404,369.0,10.0,1.0
3405,370.0,10.0,3.0
3406,370.0,4.0,1.0
3407,370.0,5.0,5.0
3408,370.0,1.0,2.0
3409,370.0,11.0,1.0
3410,370.0,2.0,2.0
3411,370.0,3.0,1.0
3412,370.0,14.0,2.0
3413,370.0,22.0,1.0
3414,370.0,24.0,1.0
3415,370.0,30.0,1.0
3416,370.0,18.0,1.0
3417,370.0,23.0,1.0
3418,371.0,4.0,4.0
3419,371.0,25.0,4.0
3420,371.0,2.0,4.0
3421,371.0,3.0,2.0
3422,371.0,10.0,2.0
3423,372.0,3.0,4.0
3424,372.0,10.0,3.0
3425,372.0,4.0,4.0
3426,372.0,22.0,2.0
3427,372.0,5.0,2.0
3428,372.0,14.0,2.0
3429,372.0,16.0,2.0
3430,372.0,25.0,1.0
3431,372.0,26.0,2.0
3432,373.0,16.0,6.0
3433,373.0,13.0,6.0
3434,373.0,21.0,2.0
3435,373.0,3.0,4.0
3436,373.0,9.0,1.0
3437,373.0,10.0,1.0
3438,373.0,12.0,1.0
3439,373.0,2.0,1.0
3440,373.0,14.0,3.0
3441,374.0,10.0,1.0
3442,374.0,21.0,2.0
3443,374.0,25.0,1.0
3444,374.0,14.0,1.0
3445,374.0,22.0,1.0
3446,374.0,15.0,3.0
3447,374.0,3.0,3.0
3448,374.0,16.0,1.0
3449,374.0,17.0,1.0
3450,374.0,4.0,1.0
3451,374.0,0.0,1.0
3452,375.0,3.0,7.0
3453,375.0,7.0,1.0
3454,375.0,8.0,1.0
3455,375.0,10.0,4.0
3456,375.0,4.0,7.0
3457,375.0,16.0,2.0
3458,375.0,2.0,4.0
3459,375.0,11.0,3.0
3460,375.0,28.0,1.0
3461,375.0,17.0,1.0
3462,375.0,21.0,1.0
3463,375.0,18.0,1.0
3464,376.0,3.0,5.0
3465,376.0,21.0,2.0
3466,376.0,11.0,1.0
3467,376.0,14.0,2.0
3468,376.0,22.0,2.0
3469,376.0,10.0,2.0
3470,376.0,16.0,1.0
3471,376.0,4.0,1.0
3472,376.0,20.0,1.0
3473,376.0,19.0,1.0
3474,376.0,8.0,1.0
3475,377.0,4.0,5.0
3476,377.0,11.0,2.0
3477,377.0,2.0,3.0
3478,377.0,3.0,3.0
3479,377.0,22.0,1.0
3480,377.0,25.0,5.0
3481,377.0,5.0,1.0
3482,377.0,26.0,1.0
3483,377.0,16.0,2.0
3484,378.0,5.0,2.0
3485,378.0,11.0,2.0
3486,379.0,5.0,2.0
3487,379.0,11.0,2.0
3488,379.0,2.0,5.0
3489,379.0,26.0,1.0
3490,379.0,4.0,3.0
3491,379.0,25.0,4.0
3492,379.0,20.0,1.0
3493,379.0,14.0,2.0
3494,379.0,16.0,2.0
3495,379.0,3.0,1.0
3496,379.0,10.0,2.0
3497,379.0,0.0,1.0
3498,379.0,21.0,1.0
3499,379.0,8.0,1.0
3500,380.0,3.0,7.0
3501,380.0,14.0,1.0
3502,380.0,10.0,1.0
3503,380.0,4.0,1.0
3504,380.0,12.0,1.0
3505,380.0,25.0,2.0
3506,380.0,20.0,1.0
3507,380.0,16.0,2.0
3508,380.0,22.0,2.0
3509,380.0,11.0,1.0
3510,381.0,3.0,7.0
3511,381.0,12.0,1.0
3512,381.0,21.0,4.0
3513,381.0,5.0,3.0
3514,381.0,11.0,4.0
3515,381.0,10.0,5.0
3516,381.0,9.0,1.0
3517,381.0,25.0,1.0
3518,381.0,2.0,1.0
3519,382.0,3.0,5.0
3520,382.0,6.0,1.0
3521,382.0,10.0,4.0
3522,382.0,4.0,6.0
3523,382.0,22.0,3.0
3524,382.0,16.0,4.0
3525,382.0,7.0,1.0
3526,382.0,17.0,1.0
3527,382.0,25.0,4.0
3528,382.0,2.0,2.0
3529,382.0,13.0,2.0
3530,383.0,3.0,7.0
3531,383.0,10.0,4.0
3532,383.0,4.0,3.0
3533,383.0,25.0,1.0
3534,383.0,2.0,1.0
3535,383.0,19.0,2.0
3536,383.0,21.0,3.0
3537,383.0,17.0,1.0
3538,383.0,11.0,2.0
3539,384.0,3.0,5.0
3540,384.0,14.0,2.0
3541,384.0,16.0,6.0
3542,384.0,25.0,5.0
3543,384.0,20.0,1.0
3544,384.0,21.0,1.0
3545,384.0,4.0,5.0
3546,384.0,11.0,1.0
3547,384.0,2.0,1.0
3548,385.0,21.0,1.0
3549,385.0,3.0,6.0
3550,385.0,14.0,5.0
3551,385.0,22.0,2.0
3552,385.0,30.0,1.0
3553,385.0,0.0,2.0
3554,385.0,10.0,4.0
3555,385.0,25.0,2.0
3556,385.0,4.0,4.0
3557,386.0,24.0,1.0
3558,386.0,3.0,7.0
3559,386.0,21.0,1.0
3560,386.0,0.0,1.0
3561,386.0,7.0,1.0
3562,386.0,16.0,1.0
3563,387.0,3.0,3.0
3564,387.0,21.0,5.0
3565,387.0,10.0,6.0
3566,387.0,5.0,5.0
3567,387.0,2.0,3.0
3568,387.0,25.0,2.0
3569,387.0,20.0,1.0
3570,387.0,11.0,2.0
3571,387.0,30.0,1.0
3572,387.0,4.0,1.0
3573,388.0,21.0,6.0
3574,388.0,11.0,5.0
3575,388.0,4.0,3.0
3576,388.0,2.0,1.0
3577,388.0,10.0,4.0
3578,388.0,19.0,2.0
3579,388.0,3.0,4.0
3580,388.0,22.0,3.0
3581,388.0,14.0,1.0
3582,388.0,12.0,1.0
3583,388.0,8.0,1.0
3584,389.0,3.0,5.0
3585,389.0,10.0,5.0
3586,389.0,4.0,5.0
3587,389.0,19.0,2.0
3588,389.0,14.0,1.0
3589,390.0,3.0,9.0
3590,390.0,22.0,3.0
3591,390.0,14.0,2.0
3592,390.0,10.0,3.0
3593,390.0,21.0,2.0
3594,390.0,8.0,1.0
3595,390.0,12.0,2.0
3596,390.0,11.0,1.0
3597,391.0,21.0,1.0
3598,391.0,4.0,3.0
3599,391.0,25.0,5.0
3600,391.0,2.0,3.0
3601,391.0,3.0,4.0
3602,391.0,12.0,1.0
3603,391.0,10.0,6.0
3604,391.0,6.0,1.0
3605,391.0,5.0,1.0
3606,391.0,11.0,1.0
3607,392.0,3.0,6.0
3608,392.0,21.0,2.0
3609,392.0,4.0,3.0
3610,392.0,25.0,1.0
3611,392.0,2.0,3.0
3612,392.0,14.0,1.0
3613,392.0,16.0,1.0
3614,392.0,6.0,1.0
3615,392.0,10.0,3.0
3616,392.0,0.0,1.0
3617,392.0,11.0,2.0
3618,393.0,21.0,2.0
3619,393.0,11.0,2.0
3620,393.0,3.0,2.0
3621,393.0,12.0,2.0
3622,393.0,30.0,1.0
3623,393.0,23.0,2.0
3624,393.0,29.0,1.0
3625,393.0,10.0,3.0
3626,393.0,5.0,1.0
3627,393.0,7.0,1.0
3628,393.0,4.0,3.0
3629,393.0,25.0,2.0
3630,393.0,2.0,1.0
3631,394.0,21.0,1.0
3632,394.0,23.0,6.0
3633,394.0,27.0,1.0
3634,395.0,21.0,2.0
3635,395.0,5.0,5.0
3636,395.0,10.0,1.0
3637,395.0,2.0,1.0
3638,396.0,3.0,3.0
3639,396.0,21.0,2.0
3640,396.0,24.0,1.0
3641,396.0,10.0,5.0
3642,396.0,0.0,2.0
3643,396.0,5.0,3.0
3644,396.0,11.0,3.0
3645,396.0,12.0,1.0
3646,396.0,23.0,2.0
3647,397.0,4.0,4.0
3648,397.0,25.0,4.0
3649,397.0,2.0,4.0
3650,397.0,3.0,2.0
3651,397.0,10.0,2.0
3652,397.0,11.0,2.0
3653,397.0,16.0,2.0
3654,398.0,3.0,6.0
3655,398.0,4.0,1.0
3656,398.0,25.0,1.0
3657,398.0,5.0,1.0
3658,398.0,24.0,1.0
3659,398.0,21.0,4.0
3660,398.0,10.0,3.0
3661,398.0,11.0,1.0
3662,398.0,12.0,1.0
3663,399.0,3.0,7.0
3664,399.0,30.0,1.0
3665,399.0,14.0,3.0
3666,399.0,16.0,2.0
3667,399.0,13.0,2.0
3668,399.0,22.0,3.0
3669,399.0,12.0,1.0
3670,399.0,21.0,1.0
3671,399.0,6.0,1.0
3672,399.0,10.0,2.0
3673,399.0,4.0,2.0
3674,400.0,3.0,7.0
3675,400.0,21.0,2.0
3676,400.0,0.0,1.0
3677,400.0,4.0,2.0
3678,400.0,7.0,1.0
3679,400.0,25.0,1.0
3680,400.0,24.0,1.0
3681,400.0,28.0,1.0
3682,400.0,9.0,2.0
